openml_id,name,run_type,run_id,hessian_mode,prevalence,threshold_center,nll_nb_raw,snb_nb_raw
24,mushroom,prev,0,absw,0.4820285573609059,0.4820285573609059,0.4824615384615383,0.4824615384615383
24,mushroom,prev,1,absw,0.4820285573609059,0.4820285573609059,0.4818461538461538,0.4818461538461538
24,mushroom,prev,2,absw,0.4820285573609059,0.4820285573609059,0.4818461538461538,0.4818461538461538
24,mushroom,prev,3,absw,0.4820285573609059,0.4820285573609059,0.4818461538461538,0.4818461538461538
24,mushroom,prev,4,absw,0.4820285573609059,0.4820285573609059,0.482142857142857,0.482142857142857
24,mushroom,prev,0,fixed025,0.4820285573609059,0.4820285573609059,0.4824615384615383,0.4824615384615383
24,mushroom,prev,1,fixed025,0.4820285573609059,0.4820285573609059,0.4818461538461538,0.4818461538461538
24,mushroom,prev,2,fixed025,0.4820285573609059,0.4820285573609059,0.4818461538461538,0.4818461538461538
24,mushroom,prev,3,fixed025,0.4820285573609059,0.4820285573609059,0.4818461538461538,0.4818461538461538
24,mushroom,prev,4,fixed025,0.4820285573609059,0.4820285573609059,0.482142857142857,0.482142857142857
24,mushroom,prev,0,true,0.4820285573609059,0.4820285573609059,0.4824615384615383,0.4824615384615383
24,mushroom,prev,1,true,0.4820285573609059,0.4820285573609059,0.4818461538461538,0.4818461538461538
24,mushroom,prev,2,true,0.4820285573609059,0.4820285573609059,0.4818461538461538,0.4818461538461538
24,mushroom,prev,3,true,0.4820285573609059,0.4820285573609059,0.4818461538461538,0.4818461538461538
24,mushroom,prev,4,true,0.4820285573609059,0.4820285573609059,0.482142857142857,0.482142857142857
31,credit-g,inverse,0,absw,0.3,0.7,0.0011535248659871,0.0303727518448824
31,credit-g,inverse,1,absw,0.3,0.7,0.0149800937025205,-0.0049837348204724
31,credit-g,inverse,2,absw,0.3,0.7,-0.0315699327637832,-0.0025028394175193
31,credit-g,inverse,3,absw,0.3,0.7,0.0389409686504295,0.0528338196681329
31,credit-g,inverse,4,absw,0.3,0.7,0.0003426912981655,-0.0026712671691189
31,credit-g,inverse,0,fixed025,0.3,0.7,0.0011535248659871,0.0109063240261961
31,credit-g,inverse,1,fixed025,0.3,0.7,0.0149800937025205,-0.0064455257888311
31,credit-g,inverse,2,fixed025,0.3,0.7,-0.0315699327637832,-0.0208807310396719
31,credit-g,inverse,3,fixed025,0.3,0.7,0.0389409686504295,0.0547549282207587
31,credit-g,inverse,4,fixed025,0.3,0.7,0.0003426912981655,-0.0080983712862918
31,credit-g,inverse,0,true,0.3,0.7,0.0011535248659871,0.0011535248659871
31,credit-g,inverse,1,true,0.3,0.7,0.0149800937025205,-0.0144706263870197
31,credit-g,inverse,2,true,0.3,0.7,-0.0315699327637832,-0.0315699327637832
31,credit-g,inverse,3,true,0.3,0.7,0.0389409686504295,0.0389409686504295
31,credit-g,inverse,4,true,0.3,0.7,0.0003426912981655,-0.0227757333836282
31,credit-g,prev,0,absw,0.3,0.3,0.1017458113840175,0.1126163288137284
31,credit-g,prev,1,absw,0.3,0.3,0.1164113225209897,0.1164113225209897
31,credit-g,prev,2,absw,0.3,0.3,0.1265019270750914,0.1304223107607248
31,credit-g,prev,3,absw,0.3,0.3,0.1346406312644494,0.1441074179229647
31,credit-g,prev,4,absw,0.3,0.3,0.1612490215281618,0.1575956664752283
31,credit-g,prev,0,fixed025,0.3,0.3,0.1017458113840175,0.1066685148565719
31,credit-g,prev,1,fixed025,0.3,0.3,0.1164113225209897,0.1207221770189587
31,credit-g,prev,2,fixed025,0.3,0.3,0.1265019270750914,0.1300648859837541
31,credit-g,prev,3,fixed025,0.3,0.3,0.1346406312644494,0.1339965832786311
31,credit-g,prev,4,fixed025,0.3,0.3,0.1612490215281618,0.1612490215281618
31,credit-g,prev,0,true,0.3,0.3,0.1017458113840175,0.1099208972222557
31,credit-g,prev,1,true,0.3,0.3,0.1164113225209897,0.1162672875627963
31,credit-g,prev,2,true,0.3,0.3,0.1265019270750914,0.1213503593788993
31,credit-g,prev,3,true,0.3,0.3,0.1346406312644494,0.14192839725647
31,credit-g,prev,4,true,0.3,0.3,0.1612490215281618,0.1338035840815393
38,sick,inverse,0,absw,0.0612407211028632,0.9387592788971368,0.0474514843003525,0.0496326315442654
38,sick,inverse,1,absw,0.0612407211028632,0.9387592788971368,0.0406839972323811,0.0255909605601467
38,sick,inverse,2,absw,0.0612407211028632,0.9387592788971368,0.0351029995909048,0.0428824049513704
38,sick,inverse,3,absw,0.0612407211028632,0.9387592788971368,0.0383097773730815,0.049856816712195
38,sick,inverse,4,absw,0.0612407211028632,0.9387592788971368,0.0207223578381638,0.0287920887591556
38,sick,inverse,0,fixed025,0.0612407211028632,0.9387592788971368,0.0474514843003525,0.0515963230206583
38,sick,inverse,1,fixed025,0.0612407211028632,0.9387592788971368,0.0406839972323811,0.0447497611281341
38,sick,inverse,2,fixed025,0.0612407211028632,0.9387592788971368,0.0351029995909048,0.0424403183023872
38,sick,inverse,3,fixed025,0.0612407211028632,0.9387592788971368,0.0383097773730815,0.0479367090278052
38,sick,inverse,4,fixed025,0.0612407211028632,0.9387592788971368,0.0207223578381638,0.0131606015411731
38,sick,inverse,0,true,0.0612407211028632,0.9387592788971368,0.0474514843003525,0.036314333722426
38,sick,inverse,1,true,0.0612407211028632,0.9387592788971368,0.0406839972323811,0.0371062198803757
38,sick,inverse,2,true,0.0612407211028632,0.9387592788971368,0.0351029995909048,0.0415825382371959
38,sick,inverse,3,true,0.0612407211028632,0.9387592788971368,0.0383097773730815,0.049975586259683
38,sick,inverse,4,true,0.0612407211028632,0.9387592788971368,0.0207223578381638,-0.0056024424281967
38,sick,prev,0,absw,0.0612407211028632,0.0612407211028632,0.0568700893632359,0.0570986208598872
38,sick,prev,1,absw,0.0612407211028632,0.0612407211028632,0.0596397273998515,0.0595399451958785
38,sick,prev,2,absw,0.0612407211028632,0.0612407211028632,0.0586069854527169,0.0575546493940994
38,sick,prev,3,absw,0.0612407211028632,0.0612407211028632,0.0568289210396727,0.0570195640585553
38,sick,prev,4,absw,0.0612407211028632,0.0612407211028632,0.0574640536234851,0.0570430449367766
38,sick,prev,0,fixed025,0.0612407211028632,0.0612407211028632,0.0568700893632359,0.0569107962355269
38,sick,prev,1,fixed025,0.0612407211028632,0.0612407211028632,0.0596397273998515,0.0595118679002655
38,sick,prev,2,fixed025,0.0612407211028632,0.0612407211028632,0.0586069854527169,0.0585338333950401
38,sick,prev,3,fixed025,0.0612407211028632,0.0612407211028632,0.0568289210396727,0.0568870704292624
38,sick,prev,4,fixed025,0.0612407211028632,0.0612407211028632,0.0574640536234851,0.0576606457194766
38,sick,prev,0,true,0.0612407211028632,0.0612407211028632,0.0568700893632359,0.0570289358523656
38,sick,prev,1,true,0.0612407211028632,0.0612407211028632,0.0596397273998515,0.0594830355681835
38,sick,prev,2,true,0.0612407211028632,0.0612407211028632,0.0586069854527169,0.0578851627515953
38,sick,prev,3,true,0.0612407211028632,0.0612407211028632,0.0568289210396727,0.0570601469564684
38,sick,prev,4,true,0.0612407211028632,0.0612407211028632,0.0574640536234851,0.0573880252544767
44,spambase,inverse,0,absw,0.3940447728754618,0.6059552271245382,0.3275079013912124,0.3300372685905428
44,spambase,inverse,1,absw,0.3940447728754618,0.6059552271245382,0.3568787177839012,0.3544171030181899
44,spambase,inverse,2,absw,0.3940447728754618,0.6059552271245382,0.3253813993748309,0.3283850872602619
44,spambase,inverse,3,absw,0.3940447728754618,0.6059552271245382,0.3353608724934244,0.3368242367106588
44,spambase,inverse,4,absw,0.3940447728754618,0.6059552271245382,0.3360303876291754,0.33368442512246
44,spambase,inverse,0,fixed025,0.3940447728754618,0.6059552271245382,0.3275079013912124,0.3277900897183457
44,spambase,inverse,1,fixed025,0.3940447728754618,0.6059552271245382,0.3568787177839012,0.3551634292221157
44,spambase,inverse,2,fixed025,0.3940447728754618,0.6059552271245382,0.3253813993748309,0.3251118328563995
44,spambase,inverse,3,fixed025,0.3940447728754618,0.6059552271245382,0.3353608724934244,0.3366433264011861
44,spambase,inverse,4,fixed025,0.3940447728754618,0.6059552271245382,0.3360303876291754,0.3340600434478999
44,spambase,inverse,0,true,0.3940447728754618,0.6059552271245382,0.3275079013912124,0.3278344538545802
44,spambase,inverse,1,true,0.3940447728754618,0.6059552271245382,0.3568787177839012,0.3525133824232276
44,spambase,inverse,2,true,0.3940447728754618,0.6059552271245382,0.3253813993748309,0.3273242405408197
44,spambase,inverse,3,true,0.3940447728754618,0.6059552271245382,0.3353608724934244,0.336776856925189
44,spambase,inverse,4,true,0.3940447728754618,0.6059552271245382,0.3360303876291754,0.3330987262896712
44,spambase,prev,0,absw,0.3940447728754618,0.3940447728754618,0.3480564895789966,0.3501280201875211
44,spambase,prev,1,absw,0.3940447728754618,0.3940447728754618,0.3625550161575341,0.3641929072100494
44,spambase,prev,2,absw,0.3940447728754618,0.3940447728754618,0.3542227989882492,0.3515505387559055
44,spambase,prev,3,absw,0.3940447728754618,0.3940447728754618,0.3587890792010362,0.3606867023929572
44,spambase,prev,4,absw,0.3940447728754618,0.3940447728754618,0.360015310714021,0.3591910307847686
44,spambase,prev,0,fixed025,0.3940447728754618,0.3940447728754618,0.3480564895789966,0.3473721489406066
44,spambase,prev,1,fixed025,0.3940447728754618,0.3940447728754618,0.3625550161575341,0.3641667897424533
44,spambase,prev,2,fixed025,0.3940447728754618,0.3940447728754618,0.3542227989882492,0.3541063008913687
44,spambase,prev,3,fixed025,0.3940447728754618,0.3940447728754618,0.3587890792010362,0.3597066641912205
44,spambase,prev,4,fixed025,0.3940447728754618,0.3940447728754618,0.360015310714021,0.3599986348124755
44,spambase,prev,0,true,0.3940447728754618,0.3940447728754618,0.3480564895789966,0.3491366803365792
44,spambase,prev,1,true,0.3940447728754618,0.3940447728754618,0.3625550161575341,0.3637143965107566
44,spambase,prev,2,true,0.3940447728754618,0.3940447728754618,0.3542227989882492,0.352144269963248
44,spambase,prev,3,true,0.3940447728754618,0.3940447728754618,0.3587890792010362,0.3598628484051666
44,spambase,prev,4,true,0.3940447728754618,0.3940447728754618,0.360015310714021,0.3588327626326304
151,electricity,prev,0,absw,0.5754546257062146,0.5754546257062146,0.4924762002623374,0.4927095759505085
151,electricity,prev,1,absw,0.5754546257062146,0.5754546257062146,0.4931242174877897,0.4937992613106137
151,electricity,prev,2,absw,0.5754546257062146,0.5754546257062146,0.4940339370260665,0.4938286870027112
151,electricity,prev,3,absw,0.5754546257062146,0.5754546257062146,0.4996560328710938,0.5002644012863141
151,electricity,prev,4,absw,0.5754546257062146,0.5754546257062146,0.4943584283363685,0.4952653192458309
151,electricity,prev,0,fixed025,0.5754546257062146,0.5754546257062146,0.4924762002623374,0.4927251561460789
151,electricity,prev,1,fixed025,0.5754546257062146,0.5754546257062146,0.4931242174877897,0.4932744402388602
151,electricity,prev,2,fixed025,0.5754546257062146,0.5754546257062146,0.4940339370260665,0.4938666280534713
151,electricity,prev,3,fixed025,0.5754546257062146,0.5754546257062146,0.4996560328710938,0.4995773739003449
151,electricity,prev,4,fixed025,0.5754546257062146,0.5754546257062146,0.4943584283363685,0.4962799610931029
151,electricity,prev,0,true,0.5754546257062146,0.5754546257062146,0.4924762002623374,0.4927507009904198
151,electricity,prev,1,true,0.5754546257062146,0.5754546257062146,0.4931242174877897,0.4938646167829231
151,electricity,prev,2,true,0.5754546257062146,0.5754546257062146,0.4940339370260665,0.4928010456481041
151,electricity,prev,3,true,0.5754546257062146,0.5754546257062146,0.4996560328710938,0.4996999931301621
151,electricity,prev,4,true,0.5754546257062146,0.5754546257062146,0.4943584283363685,0.4960196532145512
312,scene,inverse,0,absw,0.1790610718737017,0.8209389281262983,0.1687103899589191,0.1740571003901653
312,scene,inverse,1,absw,0.1790610718737017,0.8209389281262983,0.1648500237402201,0.1701244813278008
312,scene,inverse,2,absw,0.1790610718737017,0.8209389281262983,0.1597935478532493,0.166258106556614
312,scene,inverse,3,absw,0.1790610718737017,0.8209389281262983,0.1636205666056413,0.1653789265729564
312,scene,inverse,4,absw,0.1790610718737017,0.8209389281262983,0.158004158004158,0.1638688056598504
312,scene,inverse,0,fixed025,0.1790610718737017,0.8209389281262983,0.1687103899589191,0.1701244813278008
312,scene,inverse,1,fixed025,0.1790610718737017,0.8209389281262983,0.1648500237402201,0.1680497925311203
312,scene,inverse,2,fixed025,0.1790610718737017,0.8209389281262983,0.1597935478532493,0.1663201663201663
312,scene,inverse,3,fixed025,0.1790610718737017,0.8209389281262983,0.1636205666056413,0.1663201663201663
312,scene,inverse,4,fixed025,0.1790610718737017,0.8209389281262983,0.158004158004158,0.1615415645266392
312,scene,inverse,0,true,0.1790610718737017,0.8209389281262983,0.1687103899589191,0.1742738589211618
312,scene,inverse,1,true,0.1790610718737017,0.8209389281262983,0.1648500237402201,0.1701244813278008
312,scene,inverse,2,true,0.1790610718737017,0.8209389281262983,0.1597935478532493,0.1663201663201663
312,scene,inverse,3,true,0.1790610718737017,0.8209389281262983,0.1636205666056413,0.1663201663201663
312,scene,inverse,4,true,0.1790610718737017,0.8209389281262983,0.158004158004158,0.1642411642411643
312,scene,prev,0,absw,0.1790610718737017,0.1790610718737017,0.1729139132278161,0.1731855545593575
312,scene,prev,1,absw,0.1790610718737017,0.1790610718737017,0.169167798306879,0.1696711660966856
312,scene,prev,2,absw,0.1790610718737017,0.1790610718737017,0.1659618189225495,0.1656965173422913
312,scene,prev,3,absw,0.1790610718737017,0.1790610718737017,0.1664642674973958,0.167671302827771
312,scene,prev,4,absw,0.1790610718737017,0.1790610718737017,0.1637869065667411,0.1640502338060017
312,scene,prev,0,fixed025,0.1790610718737017,0.1790610718737017,0.1729139132278161,0.1732749439208546
312,scene,prev,1,fixed025,0.1790610718737017,0.1790610718737017,0.169167798306879,0.1694098844531601
312,scene,prev,2,fixed025,0.1790610718737017,0.1790610718737017,0.1659618189225495,0.1670946677289436
312,scene,prev,3,fixed025,0.1790610718737017,0.1790610718737017,0.1664642674973958,0.1673995566085493
312,scene,prev,4,fixed025,0.1790610718737017,0.1790610718737017,0.1637869065667411,0.1637869065667411
312,scene,prev,0,true,0.1790610718737017,0.1790610718737017,0.1729139132278161,0.1733386518040608
312,scene,prev,1,true,0.1790610718737017,0.1790610718737017,0.169167798306879,0.1696711660966856
312,scene,prev,2,true,0.1790610718737017,0.1790610718737017,0.1659618189225495,0.1654383906979162
312,scene,prev,3,true,0.1790610718737017,0.1790610718737017,0.1664642674973958,0.1676994187303462
312,scene,prev,4,true,0.1790610718737017,0.1790610718737017,0.1637869065667411,0.1641004571082107
821,house_16H,inverse,0,absw,0.2959971910112359,0.7040028089887641,0.1453201893034296,0.1444070857225739
821,house_16H,inverse,1,absw,0.2959971910112359,0.7040028089887641,0.1591336903459532,0.1544031145229613
821,house_16H,inverse,2,absw,0.2959971910112359,0.7040028089887641,0.1540425506457531,0.1588225337423286
821,house_16H,inverse,3,absw,0.2959971910112359,0.7040028089887641,0.1588791739986194,0.1574701044861429
821,house_16H,inverse,4,absw,0.2959971910112359,0.7040028089887641,0.1616984757957902,0.15853741548233
821,house_16H,inverse,0,fixed025,0.2959971910112359,0.7040028089887641,0.1453201893034296,0.1448408108792558
821,house_16H,inverse,1,fixed025,0.2959971910112359,0.7040028089887641,0.1591336903459532,0.1578125345624469
821,house_16H,inverse,2,fixed025,0.2959971910112359,0.7040028089887641,0.1540425506457531,0.1557173523564907
821,house_16H,inverse,3,fixed025,0.2959971910112359,0.7040028089887641,0.1588791739986194,0.1586868116442703
821,house_16H,inverse,4,fixed025,0.2959971910112359,0.7040028089887641,0.1616984757957902,0.1590674193540874
821,house_16H,inverse,0,true,0.2959971910112359,0.7040028089887641,0.1453201893034296,0.142538202943152
821,house_16H,inverse,1,true,0.2959971910112359,0.7040028089887641,0.1591336903459532,0.1558689405147887
821,house_16H,inverse,2,true,0.2959971910112359,0.7040028089887641,0.1540425506457531,0.1611792144101696
821,house_16H,inverse,3,true,0.2959971910112359,0.7040028089887641,0.1588791739986194,0.1600471754757633
821,house_16H,inverse,4,true,0.2959971910112359,0.7040028089887641,0.1616984757957902,0.1587047091422334
821,house_16H,prev,0,absw,0.2959971910112359,0.2959971910112359,0.2254079799057456,0.2251346891758968
821,house_16H,prev,1,absw,0.2959971910112359,0.2959971910112359,0.2255808744881956,0.2256338466104994
821,house_16H,prev,2,absw,0.2959971910112359,0.2959971910112359,0.2255980155511124,0.2258669778075068
821,house_16H,prev,3,absw,0.2959971910112359,0.2959971910112359,0.2273281572231182,0.2273281572231182
821,house_16H,prev,4,absw,0.2959971910112359,0.2959971910112359,0.2284713487917188,0.2284552672926901
821,house_16H,prev,0,fixed025,0.2959971910112359,0.2959971910112359,0.2254079799057456,0.2253561775646829
821,house_16H,prev,1,fixed025,0.2959971910112359,0.2959971910112359,0.2255808744881956,0.2255808744881956
821,house_16H,prev,2,fixed025,0.2959971910112359,0.2959971910112359,0.2255980155511124,0.2260012030873166
821,house_16H,prev,3,fixed025,0.2959971910112359,0.2959971910112359,0.2273281572231182,0.2269310341939061
821,house_16H,prev,4,fixed025,0.2959971910112359,0.2959971910112359,0.2284713487917188,0.2289647384188525
821,house_16H,prev,0,true,0.2959971910112359,0.2959971910112359,0.2254079799057456,0.2254079799057456
821,house_16H,prev,1,true,0.2959971910112359,0.2959971910112359,0.2255808744881956,0.2251461017089913
821,house_16H,prev,2,true,0.2959971910112359,0.2959971910112359,0.2255980155511124,0.2253065764332094
821,house_16H,prev,3,true,0.2959971910112359,0.2959971910112359,0.2273281572231182,0.2263811873938696
821,house_16H,prev,4,true,0.2959971910112359,0.2959971910112359,0.2284713487917188,0.2271512000613378
846,elevators,inverse,0,absw,0.3090547623350804,0.6909452376649197,0.1792165732895125,0.1822834268460302
846,elevators,inverse,1,absw,0.3090547623350804,0.6909452376649197,0.1843317291846593,0.1856237269406392
846,elevators,inverse,2,absw,0.3090547623350804,0.6909452376649197,0.1906177390585045,0.1911862038050754
846,elevators,inverse,3,absw,0.3090547623350804,0.6909452376649197,0.1944074818883241,0.1930763477457188
846,elevators,inverse,4,absw,0.3090547623350804,0.6909452376649197,0.1709757139068737,0.1712371273071386
846,elevators,inverse,0,fixed025,0.3090547623350804,0.6909452376649197,0.1792165732895125,0.180278373206123
846,elevators,inverse,1,fixed025,0.3090547623350804,0.6909452376649197,0.1843317291846593,0.1838970358938593
846,elevators,inverse,2,fixed025,0.3090547623350804,0.6909452376649197,0.1906177390585045,0.1901507410066661
846,elevators,inverse,3,fixed025,0.3090547623350804,0.6909452376649197,0.1944074818883241,0.1908318350977827
846,elevators,inverse,4,fixed025,0.3090547623350804,0.6909452376649197,0.1709757139068737,0.1691402282975951
846,elevators,inverse,0,true,0.3090547623350804,0.6909452376649197,0.1792165732895125,0.1792165732895125
846,elevators,inverse,1,true,0.3090547623350804,0.6909452376649197,0.1843317291846593,0.1843317291846593
846,elevators,inverse,2,true,0.3090547623350804,0.6909452376649197,0.1906177390585045,0.1906177390585045
846,elevators,inverse,3,true,0.3090547623350804,0.6909452376649197,0.1944074818883241,0.1944074818883241
846,elevators,inverse,4,true,0.3090547623350804,0.6909452376649197,0.1709757139068737,0.1649921359820503
846,elevators,prev,0,absw,0.3090547623350804,0.3090547623350804,0.2287052971928971,0.2288090798725308
846,elevators,prev,1,absw,0.3090547623350804,0.3090547623350804,0.2280227743141423,0.2285234655348493
846,elevators,prev,2,absw,0.3090547623350804,0.3090547623350804,0.2351582329836746,0.2351284695139898
846,elevators,prev,3,absw,0.3090547623350804,0.3090547623350804,0.2381815834913294,0.2382288817183138
846,elevators,prev,4,absw,0.3090547623350804,0.3090547623350804,0.2234210512165905,0.2237788851736658
846,elevators,prev,0,fixed025,0.3090547623350804,0.3090547623350804,0.2287052971928971,0.2287052971928971
846,elevators,prev,1,fixed025,0.3090547623350804,0.3090547623350804,0.2280227743141423,0.2299077180326287
846,elevators,prev,2,fixed025,0.3090547623350804,0.3090547623350804,0.2351582329836746,0.2353188408775138
846,elevators,prev,3,fixed025,0.3090547623350804,0.3090547623350804,0.2381815834913294,0.2372660844573788
846,elevators,prev,4,fixed025,0.3090547623350804,0.3090547623350804,0.2234210512165905,0.2242454705649803
846,elevators,prev,0,true,0.3090547623350804,0.3090547623350804,0.2287052971928971,0.2294539926152929
846,elevators,prev,1,true,0.3090547623350804,0.3090547623350804,0.2280227743141423,0.2285098360485327
846,elevators,prev,2,true,0.3090547623350804,0.3090547623350804,0.2351582329836746,0.2355283243356802
846,elevators,prev,3,true,0.3090547623350804,0.3090547623350804,0.2381815834913294,0.2390178685245322
846,elevators,prev,4,true,0.3090547623350804,0.3090547623350804,0.2234210512165905,0.2234210512165905
871,pollen,prev,0,absw,0.5,0.5,0.0092683730941305,0.0081514579651288
871,pollen,prev,1,absw,0.5,0.5,0.0069158376277729,0.0079241127100837
871,pollen,prev,2,absw,0.5,0.5,0.0114423878303783,0.0114423878303783
871,pollen,prev,3,absw,0.5,0.5,0.0135986561940169,0.0135986561940169
871,pollen,prev,4,absw,0.5,0.5,0.0228446631876523,0.0228446631876523
871,pollen,prev,0,fixed025,0.5,0.5,0.0092683730941305,0.008386992688732
871,pollen,prev,1,fixed025,0.5,0.5,0.0069158376277729,0.0069158376277729
871,pollen,prev,2,fixed025,0.5,0.5,0.0114423878303783,-0.0045293274784676
871,pollen,prev,3,fixed025,0.5,0.5,0.0135986561940169,0.0135986561940169
871,pollen,prev,4,fixed025,0.5,0.5,0.0228446631876523,0.0236837862900036
871,pollen,prev,0,true,0.5,0.5,0.0092683730941305,0.0092683730941305
871,pollen,prev,1,true,0.5,0.5,0.0069158376277729,0.0069158376277729
871,pollen,prev,2,true,0.5,0.5,0.0114423878303783,-0.02817733740713
871,pollen,prev,3,true,0.5,0.5,0.0135986561940169,0.0135986561940169
871,pollen,prev,4,true,0.5,0.5,0.0228446631876523,0.0228446631876523
1036,sylva_agnostic,inverse,0,absw,0.0615491490100729,0.9384508509899271,0.0265621436941891,0.0264181291095432
1036,sylva_agnostic,inverse,1,absw,0.0615491490100729,0.9384508509899271,0.0367606625691424,0.0367606625691424
1036,sylva_agnostic,inverse,2,absw,0.0615491490100729,0.9384508509899271,0.0317664226203006,0.0313402371128691
1036,sylva_agnostic,inverse,3,absw,0.0615491490100729,0.9384508509899271,0.0404366918928864,0.0404366918928864
1036,sylva_agnostic,inverse,4,absw,0.0615491490100729,0.9384508509899271,0.0375740624954359,0.0376457737232259
1036,sylva_agnostic,inverse,0,fixed025,0.0615491490100729,0.9384508509899271,0.0265621436941891,0.0265621436941891
1036,sylva_agnostic,inverse,1,fixed025,0.0615491490100729,0.9384508509899271,0.0367606625691424,0.0402254504740085
1036,sylva_agnostic,inverse,2,fixed025,0.0615491490100729,0.9384508509899271,0.0317664226203006,0.0317402813385553
1036,sylva_agnostic,inverse,3,fixed025,0.0615491490100729,0.9384508509899271,0.0404366918928864,0.042988480781215
1036,sylva_agnostic,inverse,4,fixed025,0.0615491490100729,0.9384508509899271,0.0375740624954359,0.0336398181925981
1036,sylva_agnostic,inverse,0,true,0.0615491490100729,0.9384508509899271,0.0265621436941891,0.0256726579256552
1036,sylva_agnostic,inverse,1,true,0.0615491490100729,0.9384508509899271,0.0367606625691424,0.0367606625691424
1036,sylva_agnostic,inverse,2,true,0.0615491490100729,0.9384508509899271,0.0317664226203006,0.0317664226203006
1036,sylva_agnostic,inverse,3,true,0.0615491490100729,0.9384508509899271,0.0404366918928864,0.0404366918928864
1036,sylva_agnostic,inverse,4,true,0.0615491490100729,0.9384508509899271,0.0375740624954359,0.0375740624954359
1036,sylva_agnostic,prev,0,absw,0.0615491490100729,0.0615491490100729,0.0607497089920242,0.0608300013406002
1036,sylva_agnostic,prev,1,absw,0.0615491490100729,0.0615491490100729,0.0607410360771312,0.0606762798422931
1036,sylva_agnostic,prev,2,absw,0.0615491490100729,0.0615491490100729,0.0602281315287672,0.0602457445703089
1036,sylva_agnostic,prev,3,absw,0.0615491490100729,0.0615491490100729,0.0603732284206105,0.0601827317894553
1036,sylva_agnostic,prev,4,absw,0.0615491490100729,0.0615491490100729,0.060789298674734,0.0608260263812681
1036,sylva_agnostic,prev,0,fixed025,0.0615491490100729,0.0615491490100729,0.0607497089920242,0.0607499951331027
1036,sylva_agnostic,prev,1,fixed025,0.0615491490100729,0.0615491490100729,0.0607410360771312,0.0607048928154611
1036,sylva_agnostic,prev,2,fixed025,0.0615491490100729,0.0615491490100729,0.0602281315287672,0.0602281315287672
1036,sylva_agnostic,prev,3,fixed025,0.0615491490100729,0.0615491490100729,0.0603732284206105,0.0603772165899081
1036,sylva_agnostic,prev,4,fixed025,0.0615491490100729,0.0615491490100729,0.060789298674734,0.060789298674734
1036,sylva_agnostic,prev,0,true,0.0615491490100729,0.0615491490100729,0.0607497089920242,0.0608112824176112
1036,sylva_agnostic,prev,1,true,0.0615491490100729,0.0615491490100729,0.0607410360771312,0.0606993540312961
1036,sylva_agnostic,prev,2,true,0.0615491490100729,0.0615491490100729,0.0602281315287672,0.0602479314955718
1036,sylva_agnostic,prev,3,true,0.0615491490100729,0.0615491490100729,0.0603732284206105,0.0601633799353464
1036,sylva_agnostic,prev,4,true,0.0615491490100729,0.0615491490100729,0.060789298674734,0.0608180561761153
1038,gina_agnostic,prev,0,absw,0.4916378316032295,0.4916378316032295,0.4501140431884473,0.4499692207815968
1038,gina_agnostic,prev,1,absw,0.4916378316032295,0.4916378316032295,0.4367296003093121,0.4417813193102696
1038,gina_agnostic,prev,2,absw,0.4916378316032295,0.4916378316032295,0.4488031951062217,0.4503014674333468
1038,gina_agnostic,prev,3,absw,0.4916378316032295,0.4916378316032295,0.437431844364392,0.437613127735966
1038,gina_agnostic,prev,4,absw,0.4916378316032295,0.4916378316032295,0.4339636166742492,0.4338487508877416
1038,gina_agnostic,prev,0,fixed025,0.4916378316032295,0.4916378316032295,0.4501140431884473,0.4507022912208989
1038,gina_agnostic,prev,1,fixed025,0.4916378316032295,0.4916378316032295,0.4367296003093121,0.4368498369949221
1038,gina_agnostic,prev,2,fixed025,0.4916378316032295,0.4916378316032295,0.4488031951062217,0.4488031951062217
1038,gina_agnostic,prev,3,fixed025,0.4916378316032295,0.4916378316032295,0.437431844364392,0.437431844364392
1038,gina_agnostic,prev,4,fixed025,0.4916378316032295,0.4916378316032295,0.4339636166742492,0.4339636166742492
1038,gina_agnostic,prev,0,true,0.4916378316032295,0.4916378316032295,0.4501140431884473,0.4512743394335058
1038,gina_agnostic,prev,1,true,0.4916378316032295,0.4916378316032295,0.4367296003093121,0.4367040061067312
1038,gina_agnostic,prev,2,true,0.4916378316032295,0.4916378316032295,0.4488031951062217,0.4478176097858168
1038,gina_agnostic,prev,3,true,0.4916378316032295,0.4916378316032295,0.437431844364392,0.4397944632797321
1038,gina_agnostic,prev,4,true,0.4916378316032295,0.4916378316032295,0.4339636166742492,0.4335400490865025
1043,ada_agnostic,inverse,0,absw,0.2481367821131082,0.7518632178868918,0.0601330115444029,0.0566911437270852
1043,ada_agnostic,inverse,1,absw,0.2481367821131082,0.7518632178868918,0.0586676781483891,0.0536070941367175
1043,ada_agnostic,inverse,2,absw,0.2481367821131082,0.7518632178868918,0.0706719568707466,0.069197103531437
1043,ada_agnostic,inverse,3,absw,0.2481367821131082,0.7518632178868918,0.0572656301934136,0.0473676849403553
1043,ada_agnostic,inverse,4,absw,0.2481367821131082,0.7518632178868918,0.0807606811088343,0.0768262716586897
1043,ada_agnostic,inverse,0,fixed025,0.2481367821131082,0.7518632178868918,0.0601330115444029,0.0569861547305549
1043,ada_agnostic,inverse,1,fixed025,0.2481367821131082,0.7518632178868918,0.0586676781483891,0.0586676781483891
1043,ada_agnostic,inverse,2,fixed025,0.2481367821131082,0.7518632178868918,0.0706719568707466,0.0684804308549997
1043,ada_agnostic,inverse,3,fixed025,0.2481367821131082,0.7518632178868918,0.0572656301934136,0.0614694473148689
1043,ada_agnostic,inverse,4,fixed025,0.2481367821131082,0.7518632178868918,0.0807606811088343,0.0780322425458247
1043,ada_agnostic,inverse,0,true,0.2481367821131082,0.7518632178868918,0.0601330115444029,0.0592147048866356
1043,ada_agnostic,inverse,1,true,0.2481367821131082,0.7518632178868918,0.0586676781483891,0.0586676781483891
1043,ada_agnostic,inverse,2,true,0.2481367821131082,0.7518632178868918,0.0706719568707466,0.0706719568707466
1043,ada_agnostic,inverse,3,true,0.2481367821131082,0.7518632178868918,0.0572656301934136,0.0572656301934136
1043,ada_agnostic,inverse,4,true,0.2481367821131082,0.7518632178868918,0.0807606811088343,0.0696796228974304
1043,ada_agnostic,prev,0,absw,0.2481367821131082,0.2481367821131082,0.1493642699438582,0.1483983815803972
1043,ada_agnostic,prev,1,absw,0.2481367821131082,0.2481367821131082,0.151767924063787,0.1505145975800582
1043,ada_agnostic,prev,2,absw,0.2481367821131082,0.2481367821131082,0.1465634818133961,0.1465890431045258
1043,ada_agnostic,prev,3,absw,0.2481367821131082,0.2481367821131082,0.1546945332451327,0.1546945332451327
1043,ada_agnostic,prev,4,absw,0.2481367821131082,0.2481367821131082,0.1640526182720958,0.1644798407800598
1043,ada_agnostic,prev,0,fixed025,0.2481367821131082,0.2481367821131082,0.1493642699438582,0.1490450462261901
1043,ada_agnostic,prev,1,fixed025,0.2481367821131082,0.2481367821131082,0.151767924063787,0.1527223486799738
1043,ada_agnostic,prev,2,fixed025,0.2481367821131082,0.2481367821131082,0.1465634818133961,0.1457974070057731
1043,ada_agnostic,prev,3,fixed025,0.2481367821131082,0.2481367821131082,0.1546945332451327,0.153807508949462
1043,ada_agnostic,prev,4,fixed025,0.2481367821131082,0.2481367821131082,0.1640526182720958,0.1653569433352481
1043,ada_agnostic,prev,0,true,0.2481367821131082,0.2481367821131082,0.1493642699438582,0.1482925001840569
1043,ada_agnostic,prev,1,true,0.2481367821131082,0.2481367821131082,0.151767924063787,0.1543933296009113
1043,ada_agnostic,prev,2,true,0.2481367821131082,0.2481367821131082,0.1465634818133961,0.1458225888316917
1043,ada_agnostic,prev,3,true,0.2481367821131082,0.2481367821131082,0.1546945332451327,0.1546945332451327
1043,ada_agnostic,prev,4,true,0.2481367821131082,0.2481367821131082,0.1640526182720958,0.1640526182720958
1049,pc4,inverse,0,absw,0.1220850480109739,0.8779149519890261,0.0036972670892114,0.0130000681523887
1049,pc4,inverse,1,absw,0.1220850480109739,0.8779149519890261,-0.0147591692628067,-0.0054222920052588
1049,pc4,inverse,2,absw,0.1220850480109739,0.8779149519890261,0.0133408300960948,-0.039905977758574
1049,pc4,inverse,3,absw,0.1220850480109739,0.8779149519890261,0.0131986117522353,0.0195072746234463
1049,pc4,inverse,4,absw,0.1220850480109739,0.8779149519890261,0.0092150929202783,0.0127540989212015
1049,pc4,inverse,0,fixed025,0.1220850480109739,0.8779149519890261,0.0036972670892114,0.0308219178082191
1049,pc4,inverse,1,fixed025,0.1220850480109739,0.8779149519890261,-0.0147591692628067,-0.0106487188122278
1049,pc4,inverse,2,fixed025,0.1220850480109739,0.8779149519890261,0.0133408300960948,-0.0579761379254064
1049,pc4,inverse,3,fixed025,0.1220850480109739,0.8779149519890261,0.0131986117522353,0.0208408131165478
1049,pc4,inverse,4,fixed025,0.1220850480109739,0.8779149519890261,0.0092150929202783,0.0092150929202783
1049,pc4,inverse,0,true,0.1220850480109739,0.8779149519890261,0.0036972670892114,0.0166632590472296
1049,pc4,inverse,1,true,0.1220850480109739,0.8779149519890261,-0.0147591692628067,-0.0079098541943135
1049,pc4,inverse,2,true,0.1220850480109739,0.8779149519890261,0.0133408300960948,-0.0522470720055767
1049,pc4,inverse,3,true,0.1220850480109739,0.8779149519890261,0.0131986117522353,0.0152331127865825
1049,pc4,inverse,4,true,0.1220850480109739,0.8779149519890261,0.0092150929202783,0.0130447419261082
1049,pc4,prev,0,absw,0.1220850480109739,0.1220850480109739,0.1064580995226492,0.1070238667942325
1049,pc4,prev,1,absw,0.1220850480109739,0.1220850480109739,0.1022610415143779,0.1022610415143779
1049,pc4,prev,2,absw,0.1220850480109739,0.1220850480109739,0.0959375782082642,0.096438146915368
1049,pc4,prev,3,absw,0.1220850480109739,0.1220850480109739,0.0832399667266851,0.0821400871049282
1049,pc4,prev,4,absw,0.1220850480109739,0.1220850480109739,0.0939486910954627,0.0827184530048727
1049,pc4,prev,0,fixed025,0.1220850480109739,0.1220850480109739,0.1064580995226492,0.1064580995226492
1049,pc4,prev,1,fixed025,0.1220850480109739,0.1220850480109739,0.1022610415143779,0.1019971957595303
1049,pc4,prev,2,fixed025,0.1220850480109739,0.1220850480109739,0.0959375782082642,0.0960599785828438
1049,pc4,prev,3,fixed025,0.1220850480109739,0.1220850480109739,0.0832399667266851,0.0838250524868719
1049,pc4,prev,4,fixed025,0.1220850480109739,0.1220850480109739,0.0939486910954627,0.0949326396254813
1049,pc4,prev,0,true,0.1220850480109739,0.1220850480109739,0.1064580995226492,0.1087198236672701
1049,pc4,prev,1,true,0.1220850480109739,0.1220850480109739,0.1022610415143779,0.1022610415143779
1049,pc4,prev,2,true,0.1220850480109739,0.1220850480109739,0.0959375782082642,0.092418634011585
1049,pc4,prev,3,true,0.1220850480109739,0.1220850480109739,0.0832399667266851,0.0834269933772703
1049,pc4,prev,4,true,0.1220850480109739,0.1220850480109739,0.0939486910954627,0.0903324687759147
1050,pc3,inverse,0,absw,0.1023672424824056,0.8976327575175944,0.0,0.0
1050,pc3,inverse,1,absw,0.1023672424824056,0.8976327575175944,0.0,0.0
1050,pc3,inverse,2,absw,0.1023672424824056,0.8976327575175944,0.0,0.0
1050,pc3,inverse,3,absw,0.1023672424824056,0.8976327575175944,0.0,0.0
1050,pc3,inverse,4,absw,0.1023672424824056,0.8976327575175944,0.0,0.0
1050,pc3,inverse,0,fixed025,0.1023672424824056,0.8976327575175944,0.0,0.0
1050,pc3,inverse,1,fixed025,0.1023672424824056,0.8976327575175944,0.0,0.0
1050,pc3,inverse,2,fixed025,0.1023672424824056,0.8976327575175944,0.0,0.0
1050,pc3,inverse,3,fixed025,0.1023672424824056,0.8976327575175944,0.0,0.0
1050,pc3,inverse,4,fixed025,0.1023672424824056,0.8976327575175944,0.0,0.0
1050,pc3,inverse,0,true,0.1023672424824056,0.8976327575175944,0.0,0.0
1050,pc3,inverse,1,true,0.1023672424824056,0.8976327575175944,0.0,0.0
1050,pc3,inverse,2,true,0.1023672424824056,0.8976327575175944,0.0,0.0
1050,pc3,inverse,3,true,0.1023672424824056,0.8976327575175944,0.0,0.0
1050,pc3,inverse,4,true,0.1023672424824056,0.8976327575175944,0.0,0.0
1050,pc3,prev,0,absw,0.1023672424824056,0.1023672424824056,0.0401910476550755,0.0464660245351925
1050,pc3,prev,1,absw,0.1023672424824056,0.1023672424824056,0.0540456864926371,0.0577604972622004
1050,pc3,prev,2,absw,0.1023672424824056,0.1023672424824056,0.0537110195531432,0.0564523666216634
1050,pc3,prev,3,absw,0.1023672424824056,0.1023672424824056,0.0525570837751278,0.0525570837751278
1050,pc3,prev,4,absw,0.1023672424824056,0.1023672424824056,0.0542793180390353,0.0545026946532599
1050,pc3,prev,0,fixed025,0.1023672424824056,0.1023672424824056,0.0401910476550755,0.0423533342047564
1050,pc3,prev,1,fixed025,0.1023672424824056,0.1023672424824056,0.0540456864926371,0.0551145805433405
1050,pc3,prev,2,fixed025,0.1023672424824056,0.1023672424824056,0.0537110195531432,0.0558298878453843
1050,pc3,prev,3,fixed025,0.1023672424824056,0.1023672424824056,0.0525570837751278,0.0519905963123589
1050,pc3,prev,4,fixed025,0.1023672424824056,0.1023672424824056,0.0542793180390353,0.0535968846555927
1050,pc3,prev,0,true,0.1023672424824056,0.1023672424824056,0.0401910476550755,0.0388472689027997
1050,pc3,prev,1,true,0.1023672424824056,0.1023672424824056,0.0540456864926371,0.0582622290962725
1050,pc3,prev,2,true,0.1023672424824056,0.1023672424824056,0.0537110195531432,0.0537110195531432
1050,pc3,prev,3,true,0.1023672424824056,0.1023672424824056,0.0525570837751278,0.0525570837751278
1050,pc3,prev,4,true,0.1023672424824056,0.1023672424824056,0.0542793180390353,0.0539603476618677
1053,jm1,inverse,0,absw,0.1934772622875517,0.8065227377124483,0.0003638646111081,-9.091249097901324e-05
1053,jm1,inverse,1,absw,0.1934772622875517,0.8065227377124483,-0.000289900726032,-0.000289900726032
1053,jm1,inverse,2,absw,0.1934772622875517,0.8065227377124483,-0.0004395434640544,0.0016550659311044
1053,jm1,inverse,3,absw,0.1934772622875517,0.8065227377124483,0.0009329559774887,0.0009329559774887
1053,jm1,inverse,4,absw,0.1934772622875517,0.8065227377124483,0.0014790969016535,0.0017639855362303
1053,jm1,inverse,0,fixed025,0.1934772622875517,0.8065227377124483,0.0003638646111081,0.0007622563282213
1053,jm1,inverse,1,fixed025,0.1934772622875517,0.8065227377124483,-0.000289900726032,-0.0001163873053292
1053,jm1,inverse,2,fixed025,0.1934772622875517,0.8065227377124483,-0.0004395434640544,0.0003410114904002
1053,jm1,inverse,3,fixed025,0.1934772622875517,0.8065227377124483,0.0009329559774887,0.0009329559774887
1053,jm1,inverse,4,fixed025,0.1934772622875517,0.8065227377124483,0.0014790969016535,0.001746478413936
1053,jm1,inverse,0,true,0.1934772622875517,0.8065227377124483,0.0003638646111081,0.0004644183422229
1053,jm1,inverse,1,true,0.1934772622875517,0.8065227377124483,-0.000289900726032,0.0015425856477831
1053,jm1,inverse,2,true,0.1934772622875517,0.8065227377124483,-0.0004395434640544,-0.0005502602172077
1053,jm1,inverse,3,true,0.1934772622875517,0.8065227377124483,0.0009329559774887,0.0013780431786862
1053,jm1,inverse,4,true,0.1934772622875517,0.8065227377124483,0.0014790969016535,0.001117922975179
1053,jm1,prev,0,absw,0.1934772622875517,0.1934772622875517,0.0641412166510134,0.0653063458658749
1053,jm1,prev,1,absw,0.1934772622875517,0.1934772622875517,0.0711247036170171,0.071271330924265
1053,jm1,prev,2,absw,0.1934772622875517,0.1934772622875517,0.0661872814328952,0.0643453277681226
1053,jm1,prev,3,absw,0.1934772622875517,0.1934772622875517,0.0672158311409952,0.0672158311409952
1053,jm1,prev,4,absw,0.1934772622875517,0.1934772622875517,0.0726506015895624,0.0709125145949702
1053,jm1,prev,0,fixed025,0.1934772622875517,0.1934772622875517,0.0641412166510134,0.0648458926101229
1053,jm1,prev,1,fixed025,0.1934772622875517,0.1934772622875517,0.0711247036170171,0.0688611181560005
1053,jm1,prev,2,fixed025,0.1934772622875517,0.1934772622875517,0.0661872814328952,0.0645213996402159
1053,jm1,prev,3,fixed025,0.1934772622875517,0.1934772622875517,0.0672158311409952,0.0673068592158186
1053,jm1,prev,4,fixed025,0.1934772622875517,0.1934772622875517,0.0726506015895624,0.0674342135518668
1053,jm1,prev,0,true,0.1934772622875517,0.1934772622875517,0.0641412166510134,0.0656854780692868
1053,jm1,prev,1,true,0.1934772622875517,0.1934772622875517,0.0711247036170171,0.0711247036170171
1053,jm1,prev,2,true,0.1934772622875517,0.1934772622875517,0.0661872814328952,0.0691632644197563
1053,jm1,prev,3,true,0.1934772622875517,0.1934772622875517,0.0672158311409952,0.0677009520129948
1053,jm1,prev,4,true,0.1934772622875517,0.1934772622875517,0.0726506015895624,0.0674822912254528
1067,kc1,inverse,0,absw,0.1545756282598387,0.8454243717401613,-0.0119787478046193,-0.0119787478046193
1067,kc1,inverse,1,absw,0.1545756282598387,0.8454243717401613,-0.0209019033454577,-0.0429120097514422
1067,kc1,inverse,2,absw,0.1545756282598387,0.8454243717401613,-0.008358334191415,-0.008358334191415
1067,kc1,inverse,3,absw,0.1545756282598387,0.8454243717401613,0.0,0.0
1067,kc1,inverse,4,absw,0.1545756282598387,0.8454243717401613,0.0,0.0
1067,kc1,inverse,0,fixed025,0.1545756282598387,0.8454243717401613,-0.0119787478046193,-0.0119787478046193
1067,kc1,inverse,1,fixed025,0.1545756282598387,0.8454243717401613,-0.0209019033454577,-0.0259493000721944
1067,kc1,inverse,2,fixed025,0.1545756282598387,0.8454243717401613,-0.008358334191415,-0.008358334191415
1067,kc1,inverse,3,fixed025,0.1545756282598387,0.8454243717401613,0.0,0.0
1067,kc1,inverse,4,fixed025,0.1545756282598387,0.8454243717401613,0.0,0.0
1067,kc1,inverse,0,true,0.1545756282598387,0.8454243717401613,-0.0119787478046193,-0.0119787478046193
1067,kc1,inverse,1,true,0.1545756282598387,0.8454243717401613,-0.0209019033454577,-0.0409344442147704
1067,kc1,inverse,2,true,0.1545756282598387,0.8454243717401613,-0.008358334191415,-0.008358334191415
1067,kc1,inverse,3,true,0.1545756282598387,0.8454243717401613,0.0,0.0
1067,kc1,inverse,4,true,0.1545756282598387,0.8454243717401613,0.0,0.0
1067,kc1,prev,0,absw,0.1545756282598387,0.1545756282598387,0.07349115049322,0.0751678025449039
1067,kc1,prev,1,absw,0.1545756282598387,0.1545756282598387,0.0701339669215078,0.0728209392600098
1067,kc1,prev,2,absw,0.1545756282598387,0.1545756282598387,0.0673864617057442,0.0650267559634537
1067,kc1,prev,3,absw,0.1545756282598387,0.1545756282598387,0.0743065344623478,0.0743065344623478
1067,kc1,prev,4,absw,0.1545756282598387,0.1545756282598387,0.0540376472854656,0.0437865129082187
1067,kc1,prev,0,fixed025,0.1545756282598387,0.1545756282598387,0.07349115049322,0.0729822162838022
1067,kc1,prev,1,fixed025,0.1545756282598387,0.1545756282598387,0.0701339669215078,0.0700768340940459
1067,kc1,prev,2,fixed025,0.1545756282598387,0.1545756282598387,0.0673864617057442,0.0654223920797839
1067,kc1,prev,3,fixed025,0.1545756282598387,0.1545756282598387,0.0743065344623478,0.0759273474698521
1067,kc1,prev,4,fixed025,0.1545756282598387,0.1545756282598387,0.0540376472854656,0.0537893302521933
1067,kc1,prev,0,true,0.1545756282598387,0.1545756282598387,0.07349115049322,0.0653973565763573
1067,kc1,prev,1,true,0.1545756282598387,0.1545756282598387,0.0701339669215078,0.0701339669215078
1067,kc1,prev,2,true,0.1545756282598387,0.1545756282598387,0.0673864617057442,0.0664129867367162
1067,kc1,prev,3,true,0.1545756282598387,0.1545756282598387,0.0743065344623478,0.0756167208615228
1067,kc1,prev,4,true,0.1545756282598387,0.1545756282598387,0.0540376472854656,0.0524125979839687
1068,pc1,inverse,0,absw,0.0694319206492335,0.9305680793507665,0.0,0.0
1068,pc1,inverse,1,absw,0.0694319206492335,0.9305680793507665,0.0,-0.0589449209460012
1068,pc1,inverse,2,absw,0.0694319206492335,0.9305680793507665,0.0,0.0
1068,pc1,inverse,3,absw,0.0694319206492335,0.9305680793507665,0.0,0.0
1068,pc1,inverse,4,absw,0.0694319206492335,0.9305680793507665,0.0,0.0
1068,pc1,inverse,0,fixed025,0.0694319206492335,0.9305680793507665,0.0,-0.1723302583334993
1068,pc1,inverse,1,fixed025,0.0694319206492335,0.9305680793507665,0.0,-0.0567711053393498
1068,pc1,inverse,2,fixed025,0.0694319206492335,0.9305680793507665,0.0,0.0
1068,pc1,inverse,3,fixed025,0.0694319206492335,0.9305680793507665,0.0,0.0
1068,pc1,inverse,4,fixed025,0.0694319206492335,0.9305680793507665,0.0,0.0
1068,pc1,inverse,0,true,0.0694319206492335,0.9305680793507665,0.0,0.0
1068,pc1,inverse,1,true,0.0694319206492335,0.9305680793507665,0.0,0.0
1068,pc1,inverse,2,true,0.0694319206492335,0.9305680793507665,0.0,0.0
1068,pc1,inverse,3,true,0.0694319206492335,0.9305680793507665,0.0,0.0
1068,pc1,inverse,4,true,0.0694319206492335,0.9305680793507665,0.0,0.0
1068,pc1,prev,0,absw,0.0694319206492335,0.0694319206492335,0.0444625837791986,0.0437059576962492
1068,pc1,prev,1,absw,0.0694319206492335,0.0694319206492335,0.0280554666152171,0.0272721380628
1068,pc1,prev,2,absw,0.0694319206492335,0.0694319206492335,0.0439793334477137,0.0413712607120316
1068,pc1,prev,3,absw,0.0694319206492335,0.0694319206492335,0.0439654674848778,0.041009548468951
1068,pc1,prev,4,absw,0.0694319206492335,0.0694319206492335,0.0482217053834161,0.0489152375305383
1068,pc1,prev,0,fixed025,0.0694319206492335,0.0694319206492335,0.0444625837791986,0.0446053778307552
1068,pc1,prev,1,fixed025,0.0694319206492335,0.0694319206492335,0.0280554666152171,0.027830015835732
1068,pc1,prev,2,fixed025,0.0694319206492335,0.0694319206492335,0.0439793334477137,0.0423383059380673
1068,pc1,prev,3,fixed025,0.0694319206492335,0.0694319206492335,0.0439654674848778,0.0451692679739488
1068,pc1,prev,4,fixed025,0.0694319206492335,0.0694319206492335,0.0482217053834161,0.0478778382647673
1068,pc1,prev,0,true,0.0694319206492335,0.0694319206492335,0.0444625837791986,0.0450485969056463
1068,pc1,prev,1,true,0.0694319206492335,0.0694319206492335,0.0280554666152171,0.0265959947170083
1068,pc1,prev,2,true,0.0694319206492335,0.0694319206492335,0.0439793334477137,0.0439793334477137
1068,pc1,prev,3,true,0.0694319206492335,0.0694319206492335,0.0439654674848778,0.0428421390244544
1068,pc1,prev,4,true,0.0694319206492335,0.0694319206492335,0.0482217053834161,0.051207725356979
1116,musk,inverse,0,absw,0.1541376174598363,0.8458623825401637,0.1441438024645343,0.1440259105532833
1116,musk,inverse,1,absw,0.1541376174598363,0.8458623825401637,0.1445838986883763,0.1475425900799035
1116,musk,inverse,2,absw,0.1541376174598363,0.8458623825401637,0.1430046736016885,0.1486657620985979
1116,musk,inverse,3,absw,0.1541376174598363,0.8458623825401637,0.1328982844327809,0.135262659446025
1116,musk,inverse,4,absw,0.1541376174598363,0.8458623825401637,0.1480618137515605,0.1462559592857933
1116,musk,inverse,0,fixed025,0.1541376174598363,0.8458623825401637,0.1441438024645343,0.1468725828052549
1116,musk,inverse,1,fixed025,0.1541376174598363,0.8458623825401637,0.1445838986883763,0.146815166591286
1116,musk,inverse,2,fixed025,0.1541376174598363,0.8458623825401637,0.1430046736016885,0.1449645710839741
1116,musk,inverse,3,fixed025,0.1541376174598363,0.8458623825401637,0.1328982844327809,0.1335539927718146
1116,musk,inverse,4,fixed025,0.1541376174598363,0.8458623825401637,0.1480618137515605,0.1445472926115829
1116,musk,inverse,0,true,0.1541376174598363,0.8458623825401637,0.1441438024645343,0.1443975494771482
1116,musk,inverse,1,true,0.1541376174598363,0.8458623825401637,0.1445838986883763,0.1468038594904266
1116,musk,inverse,2,true,0.1541376174598363,0.8458623825401637,0.1430046736016885,0.1491519674355495
1116,musk,inverse,3,true,0.1541376174598363,0.8458623825401637,0.1328982844327809,0.1359680030841649
1116,musk,inverse,4,true,0.1541376174598363,0.8458623825401637,0.1480618137515605,0.1462031528102106
1116,musk,prev,0,absw,0.1541376174598363,0.1541376174598363,0.1530337887658542,0.153527995417292
1116,musk,prev,1,absw,0.1541376174598363,0.1541376174598363,0.1532942817777701,0.153618521391584
1116,musk,prev,2,absw,0.1541376174598363,0.1541376174598363,0.1520959890431147,0.1519961011017759
1116,musk,prev,3,absw,0.1541376174598363,0.1541376174598363,0.1516237255488198,0.1517621434963769
1116,musk,prev,4,absw,0.1541376174598363,0.1541376174598363,0.1534111408998772,0.1535227122116966
1116,musk,prev,0,fixed025,0.1541376174598363,0.1541376174598363,0.1530337887658542,0.1530337887658542
1116,musk,prev,1,fixed025,0.1541376174598363,0.1541376174598363,0.1532942817777701,0.1532942817777701
1116,musk,prev,2,fixed025,0.1541376174598363,0.1541376174598363,0.1520959890431147,0.1520863885265442
1116,musk,prev,3,fixed025,0.1541376174598363,0.1541376174598363,0.1516237255488198,0.1516237255488198
1116,musk,prev,4,fixed025,0.1541376174598363,0.1541376174598363,0.1534111408998772,0.1534231232185223
1116,musk,prev,0,true,0.1541376174598363,0.1541376174598363,0.1530337887658542,0.1535391162470131
1116,musk,prev,1,true,0.1541376174598363,0.1541376174598363,0.1532942817777701,0.1536042523308708
1116,musk,prev,2,true,0.1541376174598363,0.1541376174598363,0.1520959890431147,0.1519961011017759
1116,musk,prev,3,true,0.1541376174598363,0.1541376174598363,0.1516237255488198,0.1517621434963769
1116,musk,prev,4,true,0.1541376174598363,0.1541376174598363,0.1534111408998772,0.1535253759467075
1120,MagicTelescope,inverse,0,absw,0.3516298633017876,0.6483701366982124,0.2166085869857784,0.2179953129653107
1120,MagicTelescope,inverse,1,absw,0.3516298633017876,0.6483701366982124,0.2045244650347485,0.2035147440222453
1120,MagicTelescope,inverse,2,absw,0.3516298633017876,0.6483701366982124,0.2146796678257301,0.2156360941429792
1120,MagicTelescope,inverse,3,absw,0.3516298633017876,0.6483701366982124,0.2175383891401664,0.2139873849669014
1120,MagicTelescope,inverse,4,absw,0.3516298633017876,0.6483701366982124,0.2119893138079504,0.2123932892842324
1120,MagicTelescope,inverse,0,fixed025,0.3516298633017876,0.6483701366982124,0.2166085869857784,0.2166085869857784
1120,MagicTelescope,inverse,1,fixed025,0.3516298633017876,0.6483701366982124,0.2045244650347485,0.2049017751802388
1120,MagicTelescope,inverse,2,fixed025,0.3516298633017876,0.6483701366982124,0.2146796678257301,0.2140814075350109
1120,MagicTelescope,inverse,3,fixed025,0.3516298633017876,0.6483701366982124,0.2175383891401664,0.2172845469605476
1120,MagicTelescope,inverse,4,fixed025,0.3516298633017876,0.6483701366982124,0.2119893138079504,0.2121772486308806
1120,MagicTelescope,inverse,0,true,0.3516298633017876,0.6483701366982124,0.2166085869857784,0.2166085869857784
1120,MagicTelescope,inverse,1,true,0.3516298633017876,0.6483701366982124,0.2045244650347485,0.2045244650347485
1120,MagicTelescope,inverse,2,true,0.3516298633017876,0.6483701366982124,0.2146796678257301,0.2146796678257301
1120,MagicTelescope,inverse,3,true,0.3516298633017876,0.6483701366982124,0.2175383891401664,0.2120035036069597
1120,MagicTelescope,inverse,4,true,0.3516298633017876,0.6483701366982124,0.2119893138079504,0.2119893138079504
1120,MagicTelescope,prev,0,absw,0.3516298633017876,0.3516298633017876,0.2590505565930485,0.2593341647186503
1120,MagicTelescope,prev,1,absw,0.3516298633017876,0.3516298633017876,0.2587866432213515,0.2588628458498294
1120,MagicTelescope,prev,2,absw,0.3516298633017876,0.3516298633017876,0.2602449098046757,0.2598333443210499
1120,MagicTelescope,prev,3,absw,0.3516298633017876,0.3516298633017876,0.2602621722135044,0.2602621722135044
1120,MagicTelescope,prev,4,absw,0.3516298633017876,0.3516298633017876,0.2541367443764861,0.2539977821961504
1120,MagicTelescope,prev,0,fixed025,0.3516298633017876,0.3516298633017876,0.2590505565930485,0.2591767469510763
1120,MagicTelescope,prev,1,fixed025,0.3516298633017876,0.3516298633017876,0.2587866432213515,0.2584866326607296
1120,MagicTelescope,prev,2,fixed025,0.3516298633017876,0.3516298633017876,0.2602449098046757,0.2597361367207415
1120,MagicTelescope,prev,3,fixed025,0.3516298633017876,0.3516298633017876,0.2602621722135044,0.2602207808308042
1120,MagicTelescope,prev,4,fixed025,0.3516298633017876,0.3516298633017876,0.2541367443764861,0.2541367443764861
1120,MagicTelescope,prev,0,true,0.3516298633017876,0.3516298633017876,0.2590505565930485,0.2590505565930485
1120,MagicTelescope,prev,1,true,0.3516298633017876,0.3516298633017876,0.2587866432213515,0.2587866432213515
1120,MagicTelescope,prev,2,true,0.3516298633017876,0.3516298633017876,0.2602449098046757,0.2602449098046757
1120,MagicTelescope,prev,3,true,0.3516298633017876,0.3516298633017876,0.2602621722135044,0.2602621722135044
1120,MagicTelescope,prev,4,true,0.3516298633017876,0.3516298633017876,0.2541367443764861,0.2541367443764861
1461,bank-marketing,inverse,0,absw,0.1169848045829554,0.8830151954170447,-0.0050275119204201,-0.002052325513452
1461,bank-marketing,inverse,1,absw,0.1169848045829554,0.8830151954170447,-0.0050242799455238,-0.0013479194083474
1461,bank-marketing,inverse,2,absw,0.1169848045829554,0.8830151954170447,-0.0025240915288219,0.0006696258388092
1461,bank-marketing,inverse,3,absw,0.1169848045829554,0.8830151954170447,-0.008714994267544,-0.0031005412837874
1461,bank-marketing,inverse,4,absw,0.1169848045829554,0.8830151954170447,-0.0019120621359638,-4.6075950763335874e-05
1461,bank-marketing,inverse,0,fixed025,0.1169848045829554,0.8830151954170447,-0.0050275119204201,0.000673568356592
1461,bank-marketing,inverse,1,fixed025,0.1169848045829554,0.8830151954170447,-0.0050242799455238,-0.0013812877053716
1461,bank-marketing,inverse,2,fixed025,0.1169848045829554,0.8830151954170447,-0.0025240915288219,0.0002641074653276
1461,bank-marketing,inverse,3,fixed025,0.1169848045829554,0.8830151954170447,-0.008714994267544,-0.003584407972321
1461,bank-marketing,inverse,4,fixed025,0.1169848045829554,0.8830151954170447,-0.0019120621359638,0.000515559781275
1461,bank-marketing,inverse,0,true,0.1169848045829554,0.8830151954170447,-0.0050275119204201,-0.0024029944196303
1461,bank-marketing,inverse,1,true,0.1169848045829554,0.8830151954170447,-0.0050242799455238,-0.0009621139085909
1461,bank-marketing,inverse,2,true,0.1169848045829554,0.8830151954170447,-0.0025240915288219,0.0012506432054906
1461,bank-marketing,inverse,3,true,0.1169848045829554,0.8830151954170447,-0.008714994267544,-0.0033956942900916
1461,bank-marketing,inverse,4,true,0.1169848045829554,0.8830151954170447,-0.0019120621359638,-0.0002810988939681
1461,bank-marketing,prev,0,absw,0.1169848045829554,0.1169848045829554,0.0879752460699266,0.0879752460699266
1461,bank-marketing,prev,1,absw,0.1169848045829554,0.1169848045829554,0.0862815439265206,0.0863225254547583
1461,bank-marketing,prev,2,absw,0.1169848045829554,0.1169848045829554,0.0877266343104718,0.0878328376787497
1461,bank-marketing,prev,3,absw,0.1169848045829554,0.1169848045829554,0.0869386265865621,0.0870614463152449
1461,bank-marketing,prev,4,absw,0.1169848045829554,0.1169848045829554,0.0867083866194515,0.0865247414147293
1461,bank-marketing,prev,0,fixed025,0.1169848045829554,0.1169848045829554,0.0879752460699266,0.0879580916517014
1461,bank-marketing,prev,1,fixed025,0.1169848045829554,0.1169848045829554,0.0862815439265206,0.0863851737778367
1461,bank-marketing,prev,2,fixed025,0.1169848045829554,0.1169848045829554,0.0877266343104718,0.0877305604974432
1461,bank-marketing,prev,3,fixed025,0.1169848045829554,0.1169848045829554,0.0869386265865621,0.087091259636316
1461,bank-marketing,prev,4,fixed025,0.1169848045829554,0.1169848045829554,0.0867083866194515,0.0865553583814763
1461,bank-marketing,prev,0,true,0.1169848045829554,0.1169848045829554,0.0879752460699266,0.087256812920992
1461,bank-marketing,prev,1,true,0.1169848045829554,0.1169848045829554,0.0862815439265206,0.0862472743125731
1461,bank-marketing,prev,2,true,0.1169848045829554,0.1169848045829554,0.0877266343104718,0.0877266343104718
1461,bank-marketing,prev,3,true,0.1169848045829554,0.1169848045829554,0.0869386265865621,0.0869386265865621
1461,bank-marketing,prev,4,true,0.1169848045829554,0.1169848045829554,0.0867083866194515,0.0865426576432538
1462,banknote-authentication,prev,0,absw,0.4446064139941691,0.4446064139941691,0.4436363636363637,0.4436363636363637
1462,banknote-authentication,prev,1,absw,0.4446064139941691,0.4446064139941691,0.4400000000000001,0.4400000000000001
1462,banknote-authentication,prev,2,absw,0.4446064139941691,0.4446064139941691,0.4394032505943753,0.4394032505943753
1462,banknote-authentication,prev,3,absw,0.4446064139941691,0.4446064139941691,0.4452554744525548,0.4452554744525548
1462,banknote-authentication,prev,4,absw,0.4446064139941691,0.4446064139941691,0.4452554744525548,0.4452554744525548
1462,banknote-authentication,prev,0,fixed025,0.4446064139941691,0.4446064139941691,0.4436363636363637,0.4436363636363637
1462,banknote-authentication,prev,1,fixed025,0.4446064139941691,0.4446064139941691,0.4400000000000001,0.4400000000000001
1462,banknote-authentication,prev,2,fixed025,0.4446064139941691,0.4446064139941691,0.4394032505943753,0.4394032505943753
1462,banknote-authentication,prev,3,fixed025,0.4446064139941691,0.4446064139941691,0.4452554744525548,0.4452554744525548
1462,banknote-authentication,prev,4,fixed025,0.4446064139941691,0.4446064139941691,0.4452554744525548,0.4452554744525548
1462,banknote-authentication,prev,0,true,0.4446064139941691,0.4446064139941691,0.4436363636363637,0.4436363636363637
1462,banknote-authentication,prev,1,true,0.4446064139941691,0.4446064139941691,0.4400000000000001,0.4400000000000001
1462,banknote-authentication,prev,2,true,0.4446064139941691,0.4446064139941691,0.4394032505943753,0.4394032505943753
1462,banknote-authentication,prev,3,true,0.4446064139941691,0.4446064139941691,0.4452554744525548,0.4452554744525548
1462,banknote-authentication,prev,4,true,0.4446064139941691,0.4446064139941691,0.4452554744525548,0.4452554744525548
1471,eeg-eye-state,prev,0,absw,0.4487983978638184,0.4487983978638184,0.4033929263925114,0.4029504777214633
1471,eeg-eye-state,prev,1,absw,0.4487983978638184,0.4487983978638184,0.3985546763624307,0.3979194819329062
1471,eeg-eye-state,prev,2,absw,0.4487983978638184,0.4487983978638184,0.3912025681431021,0.390683611980866
1471,eeg-eye-state,prev,3,absw,0.4487983978638184,0.4487983978638184,0.3974526957333236,0.3969457700909507
1471,eeg-eye-state,prev,4,absw,0.4487983978638184,0.4487983978638184,0.3972761675510274,0.3972761675510274
1471,eeg-eye-state,prev,0,fixed025,0.4487983978638184,0.4487983978638184,0.4033929263925114,0.4029688266594664
1471,eeg-eye-state,prev,1,fixed025,0.4487983978638184,0.4487983978638184,0.3985546763624307,0.3985668056873507
1471,eeg-eye-state,prev,2,fixed025,0.4487983978638184,0.4487983978638184,0.3912025681431021,0.3912216883963267
1471,eeg-eye-state,prev,3,fixed025,0.4487983978638184,0.4487983978638184,0.3974526957333236,0.3974526957333236
1471,eeg-eye-state,prev,4,fixed025,0.4487983978638184,0.4487983978638184,0.3972761675510274,0.3970812782572779
1471,eeg-eye-state,prev,0,true,0.4487983978638184,0.4487983978638184,0.4033929263925114,0.4033929263925114
1471,eeg-eye-state,prev,1,true,0.4487983978638184,0.4487983978638184,0.3985546763624307,0.3981685396686435
1471,eeg-eye-state,prev,2,true,0.4487983978638184,0.4487983978638184,0.3912025681431021,0.3906832109980988
1471,eeg-eye-state,prev,3,true,0.4487983978638184,0.4487983978638184,0.3974526957333236,0.3969419969561947
1471,eeg-eye-state,prev,4,true,0.4487983978638184,0.4487983978638184,0.3972761675510274,0.3972761675510274
1485,madelon,prev,0,absw,0.5,0.5,0.2933623541964661,0.3054179076292895
1485,madelon,prev,1,absw,0.5,0.5,0.2704111502555043,0.2740452497578555
1485,madelon,prev,2,absw,0.5,0.5,0.2458530069091205,0.2498682328288666
1485,madelon,prev,3,absw,0.5,0.5,0.2994237381191662,0.3046558114342672
1485,madelon,prev,4,absw,0.5,0.5,0.2853027289543355,0.2711660241524329
1485,madelon,prev,0,fixed025,0.5,0.5,0.2933623541964661,0.3010709966129657
1485,madelon,prev,1,fixed025,0.5,0.5,0.2704111502555043,0.2700287646438318
1485,madelon,prev,2,fixed025,0.5,0.5,0.2458530069091205,0.2476063471850661
1485,madelon,prev,3,fixed025,0.5,0.5,0.2994237381191662,0.3011468096570106
1485,madelon,prev,4,fixed025,0.5,0.5,0.2853027289543355,0.2736179117083894
1485,madelon,prev,0,true,0.5,0.5,0.2933623541964661,0.2954358410681758
1485,madelon,prev,1,true,0.5,0.5,0.2704111502555043,0.2678209043093097
1485,madelon,prev,2,true,0.5,0.5,0.2458530069091205,0.2542010339479046
1485,madelon,prev,3,true,0.5,0.5,0.2994237381191662,0.3012767080086565
1485,madelon,prev,4,true,0.5,0.5,0.2853027289543355,0.277986068007092
1486,nomao,inverse,0,absw,0.7143769041056144,0.2856230958943856,0.699243141635037,0.6985305107322527
1486,nomao,inverse,1,absw,0.7143769041056144,0.2856230958943856,0.6980726581943182,0.6980726581943182
1486,nomao,inverse,2,absw,0.7143769041056144,0.2856230958943856,0.6964712475739796,0.6965605650355449
1486,nomao,inverse,3,absw,0.7143769041056144,0.2856230958943856,0.6979922758691983,0.6981609665951831
1486,nomao,inverse,4,absw,0.7143769041056144,0.2856230958943856,0.6997911528255699,0.6996564545093358
1486,nomao,inverse,0,fixed025,0.7143769041056144,0.2856230958943856,0.699243141635037,0.6992299525608211
1486,nomao,inverse,1,fixed025,0.7143769041056144,0.2856230958943856,0.6980726581943182,0.6981174379051226
1486,nomao,inverse,2,fixed025,0.7143769041056144,0.2856230958943856,0.6964712475739796,0.6963752389758907
1486,nomao,inverse,3,fixed025,0.7143769041056144,0.2856230958943856,0.6979922758691983,0.6980495316942077
1486,nomao,inverse,4,fixed025,0.7143769041056144,0.2856230958943856,0.6997911528255699,0.6996867805504724
1486,nomao,inverse,0,true,0.7143769041056144,0.2856230958943856,0.699243141635037,0.6987097531767568
1486,nomao,inverse,1,true,0.7143769041056144,0.2856230958943856,0.6980726581943182,0.6980726581943182
1486,nomao,inverse,2,true,0.7143769041056144,0.2856230958943856,0.6964712475739796,0.6962259161502714
1486,nomao,inverse,3,true,0.7143769041056144,0.2856230958943856,0.6979922758691983,0.6982781100800269
1486,nomao,inverse,4,true,0.7143769041056144,0.2856230958943856,0.6997911528255699,0.6997911528255699
1486,nomao,prev,0,absw,0.7143769041056144,0.7143769041056144,0.67005132493021,0.67005132493021
1486,nomao,prev,1,absw,0.7143769041056144,0.7143769041056144,0.6760334657936207,0.6760334657936207
1486,nomao,prev,2,absw,0.7143769041056144,0.7143769041056144,0.6677100488990148,0.6667275115418888
1486,nomao,prev,3,absw,0.7143769041056144,0.7143769041056144,0.6773320441419781,0.6773320441419781
1486,nomao,prev,4,absw,0.7143769041056144,0.7143769041056144,0.6776817015530665,0.6776817015530665
1486,nomao,prev,0,fixed025,0.7143769041056144,0.7143769041056144,0.67005132493021,0.6697794926766816
1486,nomao,prev,1,fixed025,0.7143769041056144,0.7143769041056144,0.6760334657936207,0.6760334657936207
1486,nomao,prev,2,fixed025,0.7143769041056144,0.7143769041056144,0.6677100488990148,0.6665754910286851
1486,nomao,prev,3,fixed025,0.7143769041056144,0.7143769041056144,0.6773320441419781,0.6769982919577157
1486,nomao,prev,4,fixed025,0.7143769041056144,0.7143769041056144,0.6776817015530665,0.6777822411239236
1486,nomao,prev,0,true,0.7143769041056144,0.7143769041056144,0.67005132493021,0.67005132493021
1486,nomao,prev,1,true,0.7143769041056144,0.7143769041056144,0.6760334657936207,0.6760334657936207
1486,nomao,prev,2,true,0.7143769041056144,0.7143769041056144,0.6677100488990148,0.6667662259726015
1486,nomao,prev,3,true,0.7143769041056144,0.7143769041056144,0.6773320441419781,0.6773320441419781
1486,nomao,prev,4,true,0.7143769041056144,0.7143769041056144,0.6776817015530665,0.6776817015530665
1487,ozone-level-8hr,inverse,0,absw,0.0631412786108918,0.9368587213891082,0.0,0.0
1487,ozone-level-8hr,inverse,1,absw,0.0631412786108918,0.9368587213891082,0.0,-0.0262548361979288
1487,ozone-level-8hr,inverse,2,absw,0.0631412786108918,0.9368587213891082,0.0,0.0
1487,ozone-level-8hr,inverse,3,absw,0.0631412786108918,0.9368587213891082,0.0,-0.0300113718925463
1487,ozone-level-8hr,inverse,4,absw,0.0631412786108918,0.9368587213891082,0.0,0.0
1487,ozone-level-8hr,inverse,0,fixed025,0.0631412786108918,0.9368587213891082,0.0,0.0
1487,ozone-level-8hr,inverse,1,fixed025,0.0631412786108918,0.9368587213891082,0.0,0.0
1487,ozone-level-8hr,inverse,2,fixed025,0.0631412786108918,0.9368587213891082,0.0,0.0
1487,ozone-level-8hr,inverse,3,fixed025,0.0631412786108918,0.9368587213891082,0.0,-0.0468779100088001
1487,ozone-level-8hr,inverse,4,fixed025,0.0631412786108918,0.9368587213891082,0.0,0.0
1487,ozone-level-8hr,inverse,0,true,0.0631412786108918,0.9368587213891082,0.0,0.0
1487,ozone-level-8hr,inverse,1,true,0.0631412786108918,0.9368587213891082,0.0,0.0
1487,ozone-level-8hr,inverse,2,true,0.0631412786108918,0.9368587213891082,0.0,0.0
1487,ozone-level-8hr,inverse,3,true,0.0631412786108918,0.9368587213891082,0.0,0.0
1487,ozone-level-8hr,inverse,4,true,0.0631412786108918,0.9368587213891082,0.0,0.0
1487,ozone-level-8hr,prev,0,absw,0.0631412786108918,0.0631412786108918,0.0294990096809365,0.0273078899823788
1487,ozone-level-8hr,prev,1,absw,0.0631412786108918,0.0631412786108918,0.0412797617396093,0.0412797617396093
1487,ozone-level-8hr,prev,2,absw,0.0631412786108918,0.0631412786108918,0.0419103824259667,0.0414243665271268
1487,ozone-level-8hr,prev,3,absw,0.0631412786108918,0.0631412786108918,0.0462045816215016,0.0464492645427164
1487,ozone-level-8hr,prev,4,absw,0.0631412786108918,0.0631412786108918,0.0437859140194527,0.0434574153194473
1487,ozone-level-8hr,prev,0,fixed025,0.0631412786108918,0.0631412786108918,0.0294990096809365,0.0290525614932157
1487,ozone-level-8hr,prev,1,fixed025,0.0631412786108918,0.0631412786108918,0.0412797617396093,0.0412416096498452
1487,ozone-level-8hr,prev,2,fixed025,0.0631412786108918,0.0631412786108918,0.0419103824259667,0.0419578372887482
1487,ozone-level-8hr,prev,3,fixed025,0.0631412786108918,0.0631412786108918,0.0462045816215016,0.0462494374783489
1487,ozone-level-8hr,prev,4,fixed025,0.0631412786108918,0.0631412786108918,0.0437859140194527,0.0435761484032956
1487,ozone-level-8hr,prev,0,true,0.0631412786108918,0.0631412786108918,0.0294990096809365,0.0263504594031727
1487,ozone-level-8hr,prev,1,true,0.0631412786108918,0.0631412786108918,0.0412797617396093,0.0412797617396093
1487,ozone-level-8hr,prev,2,true,0.0631412786108918,0.0631412786108918,0.0419103824259667,0.0419103824259667
1487,ozone-level-8hr,prev,3,true,0.0631412786108918,0.0631412786108918,0.0462045816215016,0.0462045816215016
1487,ozone-level-8hr,prev,4,true,0.0631412786108918,0.0631412786108918,0.0437859140194527,0.0437859140194527
1489,phoneme,inverse,0,absw,0.2934863064396743,0.7065136935603257,0.1210895611517865,0.1189639870488549
1489,phoneme,inverse,1,absw,0.2934863064396743,0.7065136935603257,0.1462460683403553,0.1405447453077781
1489,phoneme,inverse,2,absw,0.2934863064396743,0.7065136935603257,0.1229508120112728,0.1234149433207905
1489,phoneme,inverse,3,absw,0.2934863064396743,0.7065136935603257,0.1263552703093088,0.1300202559084167
1489,phoneme,inverse,4,absw,0.2934863064396743,0.7065136935603257,0.1349282889701413,0.1366510021614048
1489,phoneme,inverse,0,fixed025,0.2934863064396743,0.7065136935603257,0.1210895611517865,0.1210895611517865
1489,phoneme,inverse,1,fixed025,0.2934863064396743,0.7065136935603257,0.1462460683403553,0.1481485880745886
1489,phoneme,inverse,2,fixed025,0.2934863064396743,0.7065136935603257,0.1229508120112728,0.1251626320781501
1489,phoneme,inverse,3,fixed025,0.2934863064396743,0.7065136935603257,0.1263552703093088,0.117839217354336
1489,phoneme,inverse,4,fixed025,0.2934863064396743,0.7065136935603257,0.1349282889701413,0.1357439279857379
1489,phoneme,inverse,0,true,0.2934863064396743,0.7065136935603257,0.1210895611517865,0.119903486451568
1489,phoneme,inverse,1,true,0.2934863064396743,0.7065136935603257,0.1462460683403553,0.1452606938104028
1489,phoneme,inverse,2,true,0.2934863064396743,0.7065136935603257,0.1229508120112728,0.1229508120112728
1489,phoneme,inverse,3,true,0.2934863064396743,0.7065136935603257,0.1263552703093088,0.1296628371484462
1489,phoneme,inverse,4,true,0.2934863064396743,0.7065136935603257,0.1349282889701413,0.1376342002545881
1489,phoneme,prev,0,absw,0.2934863064396743,0.2934863064396743,0.2130659712561854,0.2136918002264291
1489,phoneme,prev,1,absw,0.2934863064396743,0.2934863064396743,0.2188533236922694,0.2199137391325425
1489,phoneme,prev,2,absw,0.2934863064396743,0.2934863064396743,0.228605209524792,0.2289224012456902
1489,phoneme,prev,3,absw,0.2934863064396743,0.2934863064396743,0.2201406376011058,0.216416601523889
1489,phoneme,prev,4,absw,0.2934863064396743,0.2934863064396743,0.2231117198211736,0.2221092294659462
1489,phoneme,prev,0,fixed025,0.2934863064396743,0.2934863064396743,0.2130659712561854,0.2121978385554109
1489,phoneme,prev,1,fixed025,0.2934863064396743,0.2934863064396743,0.2188533236922694,0.219076792610364
1489,phoneme,prev,2,fixed025,0.2934863064396743,0.2934863064396743,0.228605209524792,0.2295536062999922
1489,phoneme,prev,3,fixed025,0.2934863064396743,0.2934863064396743,0.2201406376011058,0.2216168460766069
1489,phoneme,prev,4,fixed025,0.2934863064396743,0.2934863064396743,0.2231117198211736,0.2231430177782026
1489,phoneme,prev,0,true,0.2934863064396743,0.2934863064396743,0.2130659712561854,0.2134380998230342
1489,phoneme,prev,1,true,0.2934863064396743,0.2934863064396743,0.2188533236922694,0.2191673880859493
1489,phoneme,prev,2,true,0.2934863064396743,0.2934863064396743,0.228605209524792,0.2290747435941859
1489,phoneme,prev,3,true,0.2934863064396743,0.2934863064396743,0.2201406376011058,0.2138541708837294
1489,phoneme,prev,4,true,0.2934863064396743,0.2934863064396743,0.2231117198211736,0.2233759975653824
1502,skin-segmentation,inverse,0,absw,0.7924605295910747,0.2075394704089253,0.7921918895344159,0.7921993318151784
1502,skin-segmentation,inverse,1,absw,0.7924605295910747,0.2075394704089253,0.792098342137527,0.7920952593624098
1502,skin-segmentation,inverse,2,absw,0.7924605295910747,0.2075394704089253,0.7921182094572886,0.7921182094572886
1502,skin-segmentation,inverse,3,absw,0.7924605295910747,0.2075394704089253,0.792176149994568,0.792176149994568
1502,skin-segmentation,inverse,4,absw,0.7924605295910747,0.2075394704089253,0.7921670940860281,0.7921670940860281
1502,skin-segmentation,inverse,0,fixed025,0.7924605295910747,0.2075394704089253,0.7921918895344159,0.7921924495142083
1502,skin-segmentation,inverse,1,fixed025,0.7924605295910747,0.2075394704089253,0.792098342137527,0.7920973730356269
1502,skin-segmentation,inverse,2,fixed025,0.7924605295910747,0.2075394704089253,0.7921182094572886,0.7921210210928645
1502,skin-segmentation,inverse,3,fixed025,0.7924605295910747,0.2075394704089253,0.792176149994568,0.792176149994568
1502,skin-segmentation,inverse,4,fixed025,0.7924605295910747,0.2075394704089253,0.7921670940860281,0.7921670940860281
1502,skin-segmentation,inverse,0,true,0.7924605295910747,0.2075394704089253,0.7921918895344159,0.7921918895344159
1502,skin-segmentation,inverse,1,true,0.7924605295910747,0.2075394704089253,0.792098342137527,0.7920914728606534
1502,skin-segmentation,inverse,2,true,0.7924605295910747,0.2075394704089253,0.7921182094572886,0.7921182094572886
1502,skin-segmentation,inverse,3,true,0.7924605295910747,0.2075394704089253,0.792176149994568,0.792176149994568
1502,skin-segmentation,inverse,4,true,0.7924605295910747,0.2075394704089253,0.7921670940860281,0.7921670940860281
1502,skin-segmentation,prev,0,absw,0.7924605295910747,0.7924605295910747,0.7919050588890202,0.7919996646166053
1502,skin-segmentation,prev,1,absw,0.7924605295910747,0.7924605295910747,0.7916901122913012,0.79182062666023
1502,skin-segmentation,prev,2,absw,0.7924605295910747,0.7924605295910747,0.7918749278641987,0.7919073096698467
1502,skin-segmentation,prev,3,absw,0.7924605295910747,0.7924605295910747,0.7919418231931078,0.7919694340117169
1502,skin-segmentation,prev,4,absw,0.7924605295910747,0.7924605295910747,0.791856094901213,0.7918913937344159
1502,skin-segmentation,prev,0,fixed025,0.7924605295910747,0.7924605295910747,0.7919050588890202,0.7919050588890202
1502,skin-segmentation,prev,1,fixed025,0.7924605295910747,0.7924605295910747,0.7916901122913012,0.7916901122913012
1502,skin-segmentation,prev,2,fixed025,0.7924605295910747,0.7924605295910747,0.7918749278641987,0.7918755369263738
1502,skin-segmentation,prev,3,fixed025,0.7924605295910747,0.7924605295910747,0.7919418231931078,0.7919565421956752
1502,skin-segmentation,prev,4,fixed025,0.7924605295910747,0.7924605295910747,0.791856094901213,0.7918645202613033
1502,skin-segmentation,prev,0,true,0.7924605295910747,0.7924605295910747,0.7919050588890202,0.7919398762329706
1502,skin-segmentation,prev,1,true,0.7924605295910747,0.7924605295910747,0.7916901122913012,0.7918024819698813
1502,skin-segmentation,prev,2,true,0.7924605295910747,0.7924605295910747,0.7918749278641987,0.7919038583175205
1502,skin-segmentation,prev,3,true,0.7924605295910747,0.7924605295910747,0.7919418231931078,0.7919609290826651
1502,skin-segmentation,prev,4,true,0.7924605295910747,0.7924605295910747,0.791856094901213,0.7918040603867867
1570,wilt,inverse,0,absw,0.0539367637941723,0.9460632362058277,0.0087590379113261,0.0162011661132915
1570,wilt,inverse,1,absw,0.0539367637941723,0.9460632362058277,0.0262992886805641,0.0302773323465318
1570,wilt,inverse,2,absw,0.0539367637941723,0.9460632362058277,0.0225268286665844,0.0103368924403339
1570,wilt,inverse,3,absw,0.0539367637941723,0.9460632362058277,0.0272398338884092,0.0261197385571488
1570,wilt,inverse,4,absw,0.0539367637941723,0.9460632362058277,0.0249579403911157,0.0268975700607613
1570,wilt,inverse,0,fixed025,0.0539367637941723,0.9460632362058277,0.0087590379113261,-0.0025468886113759
1570,wilt,inverse,1,fixed025,0.0539367637941723,0.9460632362058277,0.0262992886805641,0.0305857078245137
1570,wilt,inverse,2,fixed025,0.0539367637941723,0.9460632362058277,0.0225268286665844,0.0080785786263133
1570,wilt,inverse,3,fixed025,0.0539367637941723,0.9460632362058277,0.0272398338884092,0.031814070145142
1570,wilt,inverse,4,fixed025,0.0539367637941723,0.9460632362058277,0.0249579403911157,0.0272628584070341
1570,wilt,inverse,0,true,0.0539367637941723,0.9460632362058277,0.0087590379113261,0.0155535776095293
1570,wilt,inverse,1,true,0.0539367637941723,0.9460632362058277,0.0262992886805641,0.0300100735989474
1570,wilt,inverse,2,true,0.0539367637941723,0.9460632362058277,0.0225268286665844,0.0097163026546174
1570,wilt,inverse,3,true,0.0539367637941723,0.9460632362058277,0.0272398338884092,0.0324256815098063
1570,wilt,inverse,4,true,0.0539367637941723,0.9460632362058277,0.0249579403911157,0.0289709672938307
1570,wilt,prev,0,absw,0.0539367637941723,0.0539367637941723,0.0526783756996933,0.0526783756996933
1570,wilt,prev,1,absw,0.0539367637941723,0.0539367637941723,0.048005682247241,0.0482485958611923
1570,wilt,prev,2,absw,0.0539367637941723,0.0539367637941723,0.0508985483810913,0.0513492395676827
1570,wilt,prev,3,absw,0.0539367637941723,0.0539367637941723,0.0505593380493665,0.050655635565836
1570,wilt,prev,4,absw,0.0539367637941723,0.0539367637941723,0.0479894518965149,0.0478235512042045
1570,wilt,prev,0,fixed025,0.0539367637941723,0.0539367637941723,0.0526783756996933,0.0527705477961934
1570,wilt,prev,1,fixed025,0.0539367637941723,0.0539367637941723,0.048005682247241,0.047935566509735
1570,wilt,prev,2,fixed025,0.0539367637941723,0.0539367637941723,0.0508985483810913,0.0510646053455218
1570,wilt,prev,3,fixed025,0.0539367637941723,0.0539367637941723,0.0505593380493665,0.0505860781735831
1570,wilt,prev,4,fixed025,0.0539367637941723,0.0539367637941723,0.0479894518965149,0.0482047508645306
1570,wilt,prev,0,true,0.0539367637941723,0.0539367637941723,0.0526783756996933,0.0528471958541445
1570,wilt,prev,1,true,0.0539367637941723,0.0539367637941723,0.048005682247241,0.048005682247241
1570,wilt,prev,2,true,0.0539367637941723,0.0539367637941723,0.0508985483810913,0.0511522852035408
1570,wilt,prev,3,true,0.0539367637941723,0.0539367637941723,0.0505593380493665,0.0504813127751425
1570,wilt,prev,4,true,0.0539367637941723,0.0539367637941723,0.0479894518965149,0.0476777577926815
1590,adult,inverse,0,absw,0.7607182343065395,0.2392817656934605,0.7071591505274976,0.7071755695051339
1590,adult,inverse,1,absw,0.7607182343065395,0.2392817656934605,0.709976133826123,0.7100410438328286
1590,adult,inverse,2,absw,0.7607182343065395,0.2392817656934605,0.7070737387156405,0.7071664275322225
1590,adult,inverse,3,absw,0.7607182343065395,0.2392817656934605,0.7103521454496218,0.710666561144403
1590,adult,inverse,4,absw,0.7607182343065395,0.2392817656934605,0.7109295206736311,0.7109326160138241
1590,adult,inverse,0,fixed025,0.7607182343065395,0.2392817656934605,0.7071591505274976,0.7068371766467314
1590,adult,inverse,1,fixed025,0.7607182343065395,0.2392817656934605,0.709976133826123,0.7098859400844668
1590,adult,inverse,2,fixed025,0.7607182343065395,0.2392817656934605,0.7070737387156405,0.7071322188940635
1590,adult,inverse,3,fixed025,0.7607182343065395,0.2392817656934605,0.7103521454496218,0.7103521454496218
1590,adult,inverse,4,fixed025,0.7607182343065395,0.2392817656934605,0.7109295206736311,0.7112298077549852
1590,adult,inverse,0,true,0.7607182343065395,0.2392817656934605,0.7071591505274976,0.7074106157638204
1590,adult,inverse,1,true,0.7607182343065395,0.2392817656934605,0.709976133826123,0.709976133826123
1590,adult,inverse,2,true,0.7607182343065395,0.2392817656934605,0.7070737387156405,0.7069888708305374
1590,adult,inverse,3,true,0.7607182343065395,0.2392817656934605,0.7103521454496218,0.7103521454496218
1590,adult,inverse,4,true,0.7607182343065395,0.2392817656934605,0.7109295206736311,0.7109295206736311
1590,adult,prev,0,absw,0.7607182343065395,0.7607182343065395,0.5220264530041239,0.5222729433606285
1590,adult,prev,1,absw,0.7607182343065395,0.7607182343065395,0.5083610943793195,0.5102996466983587
1590,adult,prev,2,absw,0.7607182343065395,0.7607182343065395,0.5165128586292596,0.5165806895440584
1590,adult,prev,3,absw,0.7607182343065395,0.7607182343065395,0.5299415619171429,0.530525654188113
1590,adult,prev,4,absw,0.7607182343065395,0.7607182343065395,0.5321620130534198,0.5316173891503384
1590,adult,prev,0,fixed025,0.7607182343065395,0.7607182343065395,0.5220264530041239,0.5220264530041239
1590,adult,prev,1,fixed025,0.7607182343065395,0.7607182343065395,0.5083610943793195,0.5090202970332371
1590,adult,prev,2,fixed025,0.7607182343065395,0.7607182343065395,0.5165128586292596,0.5168585626246442
1590,adult,prev,3,fixed025,0.7607182343065395,0.7607182343065395,0.5299415619171429,0.5302481785888867
1590,adult,prev,4,fixed025,0.7607182343065395,0.7607182343065395,0.5321620130534198,0.5320299931807694
1590,adult,prev,0,true,0.7607182343065395,0.7607182343065395,0.5220264530041239,0.5224324777521241
1590,adult,prev,1,true,0.7607182343065395,0.7607182343065395,0.5083610943793195,0.5083610943793195
1590,adult,prev,2,true,0.7607182343065395,0.7607182343065395,0.5165128586292596,0.5153167617985
1590,adult,prev,3,true,0.7607182343065395,0.7607182343065395,0.5299415619171429,0.5301965818973088
1590,adult,prev,4,true,0.7607182343065395,0.7607182343065395,0.5321620130534198,0.5321620130534198
4135,Amazon_employee_access,inverse,0,absw,0.9421099209618848,0.05789007903811516,0.9386048328956156,0.9386048328956156
4135,Amazon_employee_access,inverse,1,absw,0.9421099209618848,0.05789007903811516,0.9386048328956156,0.9386048328956156
4135,Amazon_employee_access,inverse,2,absw,0.9421099209618848,0.05789007903811516,0.938442840370274,0.938442840370274
4135,Amazon_employee_access,inverse,3,absw,0.9421099209618848,0.05789007903811516,0.938442840370274,0.938442840370274
4135,Amazon_employee_access,inverse,4,absw,0.9421099209618848,0.05789007903811516,0.9385954638788137,0.9385954638788137
4135,Amazon_employee_access,inverse,0,fixed025,0.9421099209618848,0.05789007903811516,0.9386048328956156,0.9386048328956156
4135,Amazon_employee_access,inverse,1,fixed025,0.9421099209618848,0.05789007903811516,0.9386048328956156,0.9386048328956156
4135,Amazon_employee_access,inverse,2,fixed025,0.9421099209618848,0.05789007903811516,0.938442840370274,0.938442840370274
4135,Amazon_employee_access,inverse,3,fixed025,0.9421099209618848,0.05789007903811516,0.938442840370274,0.938442840370274
4135,Amazon_employee_access,inverse,4,fixed025,0.9421099209618848,0.05789007903811516,0.9385954638788137,0.9385954638788137
4135,Amazon_employee_access,inverse,0,true,0.9421099209618848,0.05789007903811516,0.9386048328956156,0.9386048328956156
4135,Amazon_employee_access,inverse,1,true,0.9421099209618848,0.05789007903811516,0.9386048328956156,0.9386048328956156
4135,Amazon_employee_access,inverse,2,true,0.9421099209618848,0.05789007903811516,0.938442840370274,0.938442840370274
4135,Amazon_employee_access,inverse,3,true,0.9421099209618848,0.05789007903811516,0.938442840370274,0.938442840370274
4135,Amazon_employee_access,inverse,4,true,0.9421099209618848,0.05789007903811516,0.9385954638788137,0.9385954638788137
4135,Amazon_employee_access,prev,0,absw,0.9421099209618848,0.9421099209618848,0.320666239570776,0.3195324006224008
4135,Amazon_employee_access,prev,1,absw,0.9421099209618848,0.9421099209618848,0.2894757828459889,0.2863092384848456
4135,Amazon_employee_access,prev,2,absw,0.9421099209618848,0.9421099209618848,0.329777193193133,0.3305758356154917
4135,Amazon_employee_access,prev,3,absw,0.9421099209618848,0.9421099209618848,0.3252763689310807,0.3250956874253455
4135,Amazon_employee_access,prev,4,absw,0.9421099209618848,0.9421099209618848,0.3171012140667703,0.316509328831754
4135,Amazon_employee_access,prev,0,fixed025,0.9421099209618848,0.9421099209618848,0.320666239570776,0.3187505833237879
4135,Amazon_employee_access,prev,1,fixed025,0.9421099209618848,0.9421099209618848,0.2894757828459889,0.2918833269574832
4135,Amazon_employee_access,prev,2,fixed025,0.9421099209618848,0.9421099209618848,0.329777193193133,0.3299416877674211
4135,Amazon_employee_access,prev,3,fixed025,0.9421099209618848,0.9421099209618848,0.3252763689310807,0.3201051451440364
4135,Amazon_employee_access,prev,4,fixed025,0.9421099209618848,0.9421099209618848,0.3171012140667703,0.3141116888294384
4135,Amazon_employee_access,prev,0,true,0.9421099209618848,0.9421099209618848,0.320666239570776,0.3188636943417169
4135,Amazon_employee_access,prev,1,true,0.9421099209618848,0.9421099209618848,0.2894757828459889,0.288413435656584
4135,Amazon_employee_access,prev,2,true,0.9421099209618848,0.9421099209618848,0.329777193193133,0.329777193193133
4135,Amazon_employee_access,prev,3,true,0.9421099209618848,0.9421099209618848,0.3252763689310807,0.3263373970062
4135,Amazon_employee_access,prev,4,true,0.9421099209618848,0.9421099209618848,0.3171012140667703,0.3126110309403934
4532,higgs,prev,0,absw,0.5285772565017848,0.5285772565017848,0.243973581034566,0.2440716165419529
4532,higgs,prev,1,absw,0.5285772565017848,0.5285772565017848,0.2347409752706267,0.2346270307529669
4532,higgs,prev,2,absw,0.5285772565017848,0.5285772565017848,0.2365626621986756,0.2367414825259725
4532,higgs,prev,3,absw,0.5285772565017848,0.5285772565017848,0.2380193109223915,0.2383527217139658
4532,higgs,prev,4,absw,0.5285772565017848,0.5285772565017848,0.2386180274842454,0.2386180274842454
4532,higgs,prev,0,fixed025,0.5285772565017848,0.5285772565017848,0.243973581034566,0.2445652116943666
4532,higgs,prev,1,fixed025,0.5285772565017848,0.5285772565017848,0.2347409752706267,0.23594002629504
4532,higgs,prev,2,fixed025,0.5285772565017848,0.5285772565017848,0.2365626621986756,0.2375616077294975
4532,higgs,prev,3,fixed025,0.5285772565017848,0.5285772565017848,0.2380193109223915,0.238218464834731
4532,higgs,prev,4,fixed025,0.5285772565017848,0.5285772565017848,0.2386180274842454,0.2386410388926907
4532,higgs,prev,0,true,0.5285772565017848,0.5285772565017848,0.243973581034566,0.2437363149709094
4532,higgs,prev,1,true,0.5285772565017848,0.5285772565017848,0.2347409752706267,0.2347409752706267
4532,higgs,prev,2,true,0.5285772565017848,0.5285772565017848,0.2365626621986756,0.2363406372301559
4532,higgs,prev,3,true,0.5285772565017848,0.5285772565017848,0.2380193109223915,0.2380193109223915
4532,higgs,prev,4,true,0.5285772565017848,0.5285772565017848,0.2386180274842454,0.2386180274842454
4534,PhishingWebsites,prev,0,absw,0.5569425599276345,0.5569425599276345,0.5203706772739717,0.5177523033388464
4534,PhishingWebsites,prev,1,absw,0.5569425599276345,0.5569425599276345,0.5202811195388565,0.5194848173566516
4534,PhishingWebsites,prev,2,absw,0.5569425599276345,0.5569425599276345,0.5213325767629112,0.5225431180724538
4534,PhishingWebsites,prev,3,absw,0.5569425599276345,0.5569425599276345,0.520238103946973,0.5229706754118979
4534,PhishingWebsites,prev,4,absw,0.5569425599276345,0.5569425599276345,0.5232082003554919,0.5233452500605231
4534,PhishingWebsites,prev,0,fixed025,0.5569425599276345,0.5569425599276345,0.5203706772739717,0.5195725281320215
4534,PhishingWebsites,prev,1,fixed025,0.5569425599276345,0.5569425599276345,0.5202811195388565,0.5204143607194951
4534,PhishingWebsites,prev,2,fixed025,0.5569425599276345,0.5569425599276345,0.5213325767629112,0.5223117299265689
4534,PhishingWebsites,prev,3,fixed025,0.5569425599276345,0.5569425599276345,0.520238103946973,0.5196527131350591
4534,PhishingWebsites,prev,4,fixed025,0.5569425599276345,0.5569425599276345,0.5232082003554919,0.5240596076101369
4534,PhishingWebsites,prev,0,true,0.5569425599276345,0.5569425599276345,0.5203706772739717,0.5196384711915729
4534,PhishingWebsites,prev,1,true,0.5569425599276345,0.5569425599276345,0.5202811195388565,0.5218454386742374
4534,PhishingWebsites,prev,2,true,0.5569425599276345,0.5569425599276345,0.5213325767629112,0.5237614246985977
4534,PhishingWebsites,prev,3,true,0.5569425599276345,0.5569425599276345,0.520238103946973,0.5210068698348239
4534,PhishingWebsites,prev,4,true,0.5569425599276345,0.5569425599276345,0.5232082003554919,0.524573292804381
23517,numerai28.6,prev,0,absw,0.5051702657807309,0.5051702657807309,0.022371787508493,0.0220521703881334
23517,numerai28.6,prev,1,absw,0.5051702657807309,0.5051702657807309,0.0268004893052383,0.0269008231505389
23517,numerai28.6,prev,2,absw,0.5051702657807309,0.5051702657807309,0.0219201354527351,0.0219201354527351
23517,numerai28.6,prev,3,absw,0.5051702657807309,0.5051702657807309,0.0239426609586339,0.0219502885755212
23517,numerai28.6,prev,4,absw,0.5051702657807309,0.5051702657807309,0.0244019482400367,0.0236218797874233
23517,numerai28.6,prev,0,fixed025,0.5051702657807309,0.5051702657807309,0.022371787508493,0.022371787508493
23517,numerai28.6,prev,1,fixed025,0.5051702657807309,0.5051702657807309,0.0268004893052383,0.0268004893052383
23517,numerai28.6,prev,2,fixed025,0.5051702657807309,0.5051702657807309,0.0219201354527351,0.0219201354527351
23517,numerai28.6,prev,3,fixed025,0.5051702657807309,0.5051702657807309,0.0239426609586339,0.0207033805457354
23517,numerai28.6,prev,4,fixed025,0.5051702657807309,0.5051702657807309,0.0244019482400367,0.0237252478118349
23517,numerai28.6,prev,0,true,0.5051702657807309,0.5051702657807309,0.022371787508493,0.022371787508493
23517,numerai28.6,prev,1,true,0.5051702657807309,0.5051702657807309,0.0268004893052383,0.0268004893052383
23517,numerai28.6,prev,2,true,0.5051702657807309,0.5051702657807309,0.0219201354527351,0.0219201354527351
23517,numerai28.6,prev,3,true,0.5051702657807309,0.5051702657807309,0.0239426609586339,0.0239426609586339
23517,numerai28.6,prev,4,true,0.5051702657807309,0.5051702657807309,0.0244019482400367,0.0244019482400367
40536,SpeedDating,inverse,0,absw,0.1647171162568632,0.8352828837431368,0.0049489742114032,0.0007691048653407
40536,SpeedDating,inverse,1,absw,0.1647171162568632,0.8352828837431368,0.0045376722116999,0.0031454128020169
40536,SpeedDating,inverse,2,absw,0.1647171162568632,0.8352828837431368,0.0064796893663752,0.004720486616366
40536,SpeedDating,inverse,3,absw,0.1647171162568632,0.8352828837431368,0.0018407125589465,-0.0018509274168412
40536,SpeedDating,inverse,4,absw,0.1647171162568632,0.8352828837431368,-0.0028306938252602,0.0015874161837698
40536,SpeedDating,inverse,0,fixed025,0.1647171162568632,0.8352828837431368,0.0049489742114032,-0.0010962557427329
40536,SpeedDating,inverse,1,fixed025,0.1647171162568632,0.8352828837431368,0.0045376722116999,0.0033840344815302
40536,SpeedDating,inverse,2,fixed025,0.1647171162568632,0.8352828837431368,0.0064796893663752,0.0049686886063053
40536,SpeedDating,inverse,3,fixed025,0.1647171162568632,0.8352828837431368,0.0018407125589465,-0.0020697208657084
40536,SpeedDating,inverse,4,fixed025,0.1647171162568632,0.8352828837431368,-0.0028306938252602,-0.002344978726259
40536,SpeedDating,inverse,0,true,0.1647171162568632,0.8352828837431368,0.0049489742114032,-0.0052304089374669
40536,SpeedDating,inverse,1,true,0.1647171162568632,0.8352828837431368,0.0045376722116999,0.0045376722116999
40536,SpeedDating,inverse,2,true,0.1647171162568632,0.8352828837431368,0.0064796893663752,0.0047061995169532
40536,SpeedDating,inverse,3,true,0.1647171162568632,0.8352828837431368,0.0018407125589465,0.0018407125589465
40536,SpeedDating,inverse,4,true,0.1647171162568632,0.8352828837431368,-0.0028306938252602,0.0017910447761194
40536,SpeedDating,prev,0,absw,0.1647171162568632,0.1647171162568632,0.0897229985021634,0.089748461576128
40536,SpeedDating,prev,1,absw,0.1647171162568632,0.1647171162568632,0.0886280553092768,0.0886280553092768
40536,SpeedDating,prev,2,absw,0.1647171162568632,0.1647171162568632,0.1059082727670692,0.1056209206356012
40536,SpeedDating,prev,3,absw,0.1647171162568632,0.1647171162568632,0.0920052409623451,0.0908875892146084
40536,SpeedDating,prev,4,absw,0.1647171162568632,0.1647171162568632,0.0920779870287744,0.0951542993089752
40536,SpeedDating,prev,0,fixed025,0.1647171162568632,0.1647171162568632,0.0897229985021634,0.0897263254634997
40536,SpeedDating,prev,1,fixed025,0.1647171162568632,0.1647171162568632,0.0886280553092768,0.0887182334939375
40536,SpeedDating,prev,2,fixed025,0.1647171162568632,0.1647171162568632,0.1059082727670692,0.1047947512449908
40536,SpeedDating,prev,3,fixed025,0.1647171162568632,0.1647171162568632,0.0920052409623451,0.0916255799564434
40536,SpeedDating,prev,4,fixed025,0.1647171162568632,0.1647171162568632,0.0920779870287744,0.0920779870287744
40536,SpeedDating,prev,0,true,0.1647171162568632,0.1647171162568632,0.0897229985021634,0.0899952957824159
40536,SpeedDating,prev,1,true,0.1647171162568632,0.1647171162568632,0.0886280553092768,0.0886280553092768
40536,SpeedDating,prev,2,true,0.1647171162568632,0.1647171162568632,0.1059082727670692,0.1045060342636171
40536,SpeedDating,prev,3,true,0.1647171162568632,0.1647171162568632,0.0920052409623451,0.0910518729935304
40536,SpeedDating,prev,4,true,0.1647171162568632,0.1647171162568632,0.0920779870287744,0.0933361868014824
40701,churn,inverse,0,absw,0.1414,0.8586,0.0716069651741293,0.0763704978114197
40701,churn,inverse,1,absw,0.1414,0.8586,0.0606019900497512,0.0655373313845866
40701,churn,inverse,2,absw,0.1414,0.8586,0.0695721393034825,0.065070362672283
40701,churn,inverse,3,absw,0.1414,0.8586,0.0580248756218905,0.078583097342275
40701,churn,inverse,4,absw,0.1414,0.8586,0.0668221437914202,0.0818486392678338
40701,churn,inverse,0,fixed025,0.1414,0.8586,0.0716069651741293,0.0696088890006338
40701,churn,inverse,1,fixed025,0.1414,0.8586,0.0606019900497512,0.0510097692292545
40701,churn,inverse,2,fixed025,0.1414,0.8586,0.0695721393034825,0.065948548406523
40701,churn,inverse,3,fixed025,0.1414,0.8586,0.0580248756218905,0.0790957756322163
40701,churn,inverse,4,fixed025,0.1414,0.8586,0.0668221437914202,0.0820174219111987
40701,churn,inverse,0,true,0.1414,0.8586,0.0716069651741293,0.0752313522594575
40701,churn,inverse,1,true,0.1414,0.8586,0.0606019900497512,0.0611220192530187
40701,churn,inverse,2,true,0.1414,0.8586,0.0695721393034825,0.0601452581359525
40701,churn,inverse,3,true,0.1414,0.8586,0.0580248756218905,0.076823414173316
40701,churn,inverse,4,true,0.1414,0.8586,0.0668221437914202,0.088705696089868
40701,churn,prev,0,absw,0.1414,0.1414,0.1085040001876205,0.1085040001876205
40701,churn,prev,1,absw,0.1414,0.1414,0.1126561719689236,0.1127777448732969
40701,churn,prev,2,absw,0.1414,0.1414,0.1072661717533041,0.1069910303561356
40701,churn,prev,3,absw,0.1414,0.1414,0.1153232436360261,0.1158555833771078
40701,churn,prev,4,absw,0.1414,0.1414,0.11526872651652,0.1155460252905271
40701,churn,prev,0,fixed025,0.1414,0.1414,0.1085040001876205,0.1088807894457125
40701,churn,prev,1,fixed025,0.1414,0.1414,0.1126561719689236,0.1134629266606126
40701,churn,prev,2,fixed025,0.1414,0.1414,0.1072661717533041,0.1070169575442044
40701,churn,prev,3,fixed025,0.1414,0.1414,0.1153232436360261,0.1168104329952445
40701,churn,prev,4,fixed025,0.1414,0.1414,0.11526872651652,0.1155067429179071
40701,churn,prev,0,true,0.1414,0.1414,0.1085040001876205,0.1091182560889001
40701,churn,prev,1,true,0.1414,0.1414,0.1126561719689236,0.1126561719689236
40701,churn,prev,2,true,0.1414,0.1414,0.1072661717533041,0.1072661717533041
40701,churn,prev,3,true,0.1414,0.1414,0.1153232436360261,0.115364561944963
40701,churn,prev,4,true,0.1414,0.1414,0.11526872651652,0.11526872651652
40978,Internet-Advertisements,inverse,0,absw,0.8600182982616651,0.1399817017383349,0.8536000529564681,0.8542799430840883
40978,Internet-Advertisements,inverse,1,absw,0.8600182982616651,0.1399817017383349,0.8510199241599024,0.8521246999831099
40978,Internet-Advertisements,inverse,2,absw,0.8600182982616651,0.1399817017383349,0.8545874963355847,0.854935253544839
40978,Internet-Advertisements,inverse,3,absw,0.8600182982616651,0.1399817017383349,0.8539024760579118,0.8558152744208376
40978,Internet-Advertisements,inverse,4,absw,0.8600182982616651,0.1399817017383349,0.847775378692336,0.8498000134910199
40978,Internet-Advertisements,inverse,0,fixed025,0.8600182982616651,0.1399817017383349,0.8536000529564681,0.8527580377123896
40978,Internet-Advertisements,inverse,1,fixed025,0.8600182982616651,0.1399817017383349,0.8510199241599024,0.8514405343413329
40978,Internet-Advertisements,inverse,2,fixed025,0.8600182982616651,0.1399817017383349,0.8545874963355847,0.8550322538267242
40978,Internet-Advertisements,inverse,3,fixed025,0.8600182982616651,0.1399817017383349,0.8539024760579118,0.8539765319510334
40978,Internet-Advertisements,inverse,4,fixed025,0.8600182982616651,0.1399817017383349,0.847775378692336,0.8481642325525733
40978,Internet-Advertisements,inverse,0,true,0.8600182982616651,0.1399817017383349,0.8536000529564681,0.8546877216401159
40978,Internet-Advertisements,inverse,1,true,0.8600182982616651,0.1399817017383349,0.8510199241599024,0.8512255469219475
40978,Internet-Advertisements,inverse,2,true,0.8600182982616651,0.1399817017383349,0.8545874963355847,0.8563950385013596
40978,Internet-Advertisements,inverse,3,true,0.8600182982616651,0.1399817017383349,0.8539024760579118,0.8572698640166327
40978,Internet-Advertisements,inverse,4,true,0.8600182982616651,0.1399817017383349,0.847775378692336,0.8476789706834548
40978,Internet-Advertisements,prev,0,absw,0.8600182982616651,0.8600182982616651,0.7365012690320737,0.7447526948299139
40978,Internet-Advertisements,prev,1,absw,0.8600182982616651,0.8600182982616651,0.7655244361865459,0.7600261402292844
40978,Internet-Advertisements,prev,2,absw,0.8600182982616651,0.8600182982616651,0.7764148235483209,0.7701156095667989
40978,Internet-Advertisements,prev,3,absw,0.8600182982616651,0.8600182982616651,0.7778532361105033,0.7758963924871984
40978,Internet-Advertisements,prev,4,absw,0.8600182982616651,0.8600182982616651,0.7499220694832188,0.7394761883123806
40978,Internet-Advertisements,prev,0,fixed025,0.8600182982616651,0.8600182982616651,0.7365012690320737,0.7417873386838151
40978,Internet-Advertisements,prev,1,fixed025,0.8600182982616651,0.8600182982616651,0.7655244361865459,0.7828936011116313
40978,Internet-Advertisements,prev,2,fixed025,0.8600182982616651,0.8600182982616651,0.7764148235483209,0.7714700308270531
40978,Internet-Advertisements,prev,3,fixed025,0.8600182982616651,0.8600182982616651,0.7778532361105033,0.774852794395501
40978,Internet-Advertisements,prev,4,fixed025,0.8600182982616651,0.8600182982616651,0.7499220694832188,0.752498767165839
40978,Internet-Advertisements,prev,0,true,0.8600182982616651,0.8600182982616651,0.7365012690320737,0.7434027373004877
40978,Internet-Advertisements,prev,1,true,0.8600182982616651,0.8600182982616651,0.7655244361865459,0.7530392061966574
40978,Internet-Advertisements,prev,2,true,0.8600182982616651,0.8600182982616651,0.7764148235483209,0.7706807017953141
40978,Internet-Advertisements,prev,3,true,0.8600182982616651,0.8600182982616651,0.7778532361105033,0.7779394950386269
40978,Internet-Advertisements,prev,4,true,0.8600182982616651,0.8600182982616651,0.7499220694832188,0.7499220694832188
41142,christine,prev,0,absw,0.5,0.5,0.2399823062693222,0.2417401392434327
41142,christine,prev,1,absw,0.5,0.5,0.2416851339054972,0.2396158314193693
41142,christine,prev,2,absw,0.5,0.5,0.2458875373328709,0.24495422391885
41142,christine,prev,3,absw,0.5,0.5,0.2286947827992972,0.2321634943077102
41142,christine,prev,4,absw,0.5,0.5,0.2575310666170938,0.2486180249975016
41142,christine,prev,0,fixed025,0.5,0.5,0.2399823062693222,0.2399823062693222
41142,christine,prev,1,fixed025,0.5,0.5,0.2416851339054972,0.2453814243705096
41142,christine,prev,2,fixed025,0.5,0.5,0.2458875373328709,0.2424989816610508
41142,christine,prev,3,fixed025,0.5,0.5,0.2286947827992972,0.2262210233540802
41142,christine,prev,4,fixed025,0.5,0.5,0.2575310666170938,0.2483158917728612
41142,christine,prev,0,true,0.5,0.5,0.2399823062693222,0.2480221439904517
41142,christine,prev,1,true,0.5,0.5,0.2416851339054972,0.2411993195559988
41142,christine,prev,2,true,0.5,0.5,0.2458875373328709,0.2427922578230422
41142,christine,prev,3,true,0.5,0.5,0.2286947827992972,0.2271469104394174
41142,christine,prev,4,true,0.5,0.5,0.2575310666170938,0.2570007461668312
41143,jasmine,prev,0,absw,0.5,0.5,0.2945301094928629,0.2911030778852041
41143,jasmine,prev,1,absw,0.5,0.5,0.3099365807045141,0.3149950323471606
41143,jasmine,prev,2,absw,0.5,0.5,0.3108466523108916,0.3108466523108916
41143,jasmine,prev,3,absw,0.5,0.5,0.3071700997259503,0.3077188588720737
41143,jasmine,prev,4,absw,0.5,0.5,0.3083664843967206,0.3116836579630931
41143,jasmine,prev,0,fixed025,0.5,0.5,0.2945301094928629,0.2898283430536185
41143,jasmine,prev,1,fixed025,0.5,0.5,0.3099365807045141,0.318182839061794
41143,jasmine,prev,2,fixed025,0.5,0.5,0.3108466523108916,0.3161954604616843
41143,jasmine,prev,3,fixed025,0.5,0.5,0.3071700997259503,0.3090729415756056
41143,jasmine,prev,4,fixed025,0.5,0.5,0.3083664843967206,0.3080413980161492
41143,jasmine,prev,0,true,0.5,0.5,0.2945301094928629,0.3017170896542439
41143,jasmine,prev,1,true,0.5,0.5,0.3099365807045141,0.3041684363177052
41143,jasmine,prev,2,true,0.5,0.5,0.3108466523108916,0.3116221768768409
41143,jasmine,prev,3,true,0.5,0.5,0.3071700997259503,0.312550740136735
41143,jasmine,prev,4,true,0.5,0.5,0.3083664843967206,0.303577721604439
41145,philippine,prev,0,absw,0.5,0.5,0.2517931143375498,0.2631448712312351
41145,philippine,prev,1,absw,0.5,0.5,0.2550459623703776,0.2571234903531423
41145,philippine,prev,2,absw,0.5,0.5,0.2445300436527733,0.2569021744729244
41145,philippine,prev,3,absw,0.5,0.5,0.2416848800408919,0.2495600889671788
41145,philippine,prev,4,absw,0.5,0.5,0.2696636097384579,0.2710267240423099
41145,philippine,prev,0,fixed025,0.5,0.5,0.2517931143375498,0.2558611578880991
41145,philippine,prev,1,fixed025,0.5,0.5,0.2550459623703776,0.2600147782422285
41145,philippine,prev,2,fixed025,0.5,0.5,0.2445300436527733,0.2565452181033895
41145,philippine,prev,3,fixed025,0.5,0.5,0.2416848800408919,0.2349440387908748
41145,philippine,prev,4,fixed025,0.5,0.5,0.2696636097384579,0.2720592696347804
41145,philippine,prev,0,true,0.5,0.5,0.2517931143375498,0.2520202542311238
41145,philippine,prev,1,true,0.5,0.5,0.2550459623703776,0.2603571418170586
41145,philippine,prev,2,true,0.5,0.5,0.2445300436527733,0.2446086338503371
41145,philippine,prev,3,true,0.5,0.5,0.2416848800408919,0.2428646945492404
41145,philippine,prev,4,true,0.5,0.5,0.2696636097384579,0.2709522373015089
41146,sylvine,prev,0,absw,0.5,0.5,0.4384684062542783,0.4414361743748298
41146,sylvine,prev,1,absw,0.5,0.5,0.4430209716686374,0.4444593352823228
41146,sylvine,prev,2,absw,0.5,0.5,0.4391590977826904,0.4365153404526159
41146,sylvine,prev,3,absw,0.5,0.5,0.4457445926683774,0.4495055658775803
41146,sylvine,prev,4,absw,0.5,0.5,0.4459945825937392,0.4467940527153489
41146,sylvine,prev,0,fixed025,0.5,0.5,0.4384684062542783,0.4384939098947557
41146,sylvine,prev,1,fixed025,0.5,0.5,0.4430209716686374,0.4448265307140497
41146,sylvine,prev,2,fixed025,0.5,0.5,0.4391590977826904,0.4411858037746712
41146,sylvine,prev,3,fixed025,0.5,0.5,0.4457445926683774,0.4454898254215952
41146,sylvine,prev,4,fixed025,0.5,0.5,0.4459945825937392,0.4474532005079421
41146,sylvine,prev,0,true,0.5,0.5,0.4384684062542783,0.4440876215770556
41146,sylvine,prev,1,true,0.5,0.5,0.4430209716686374,0.448783048907882
41146,sylvine,prev,2,true,0.5,0.5,0.4391590977826904,0.4428161836515388
41146,sylvine,prev,3,true,0.5,0.5,0.4457445926683774,0.4463327782112215
41146,sylvine,prev,4,true,0.5,0.5,0.4459945825937392,0.4519124009442386
41150,MiniBooNE,inverse,0,absw,0.2806233854102595,0.7193766145897404,0.1907137958492983,0.1907137958492983
41150,MiniBooNE,inverse,1,absw,0.2806233854102595,0.7193766145897404,0.1947952478922549,0.1949061312564378
41150,MiniBooNE,inverse,2,absw,0.2806233854102595,0.7193766145897404,0.1941274657465861,0.1933673690386341
41150,MiniBooNE,inverse,3,absw,0.2806233854102595,0.7193766145897404,0.198467659925476,0.1982611966886818
41150,MiniBooNE,inverse,4,absw,0.2806233854102595,0.7193766145897404,0.189822251987599,0.1898340133523378
41150,MiniBooNE,inverse,0,fixed025,0.2806233854102595,0.7193766145897404,0.1907137958492983,0.1907137958492983
41150,MiniBooNE,inverse,1,fixed025,0.2806233854102595,0.7193766145897404,0.1947952478922549,0.1947952478922549
41150,MiniBooNE,inverse,2,fixed025,0.2806233854102595,0.7193766145897404,0.1941274657465861,0.1939322558861079
41150,MiniBooNE,inverse,3,fixed025,0.2806233854102595,0.7193766145897404,0.198467659925476,0.1981901682087351
41150,MiniBooNE,inverse,4,fixed025,0.2806233854102595,0.7193766145897404,0.189822251987599,0.1897525854684719
41150,MiniBooNE,inverse,0,true,0.2806233854102595,0.7193766145897404,0.1907137958492983,0.1907137958492983
41150,MiniBooNE,inverse,1,true,0.2806233854102595,0.7193766145897404,0.1947952478922549,0.1939516220013554
41150,MiniBooNE,inverse,2,true,0.2806233854102595,0.7193766145897404,0.1941274657465861,0.1928618901732729
41150,MiniBooNE,inverse,3,true,0.2806233854102595,0.7193766145897404,0.198467659925476,0.198467659925476
41150,MiniBooNE,inverse,4,true,0.2806233854102595,0.7193766145897404,0.189822251987599,0.189822251987599
41150,MiniBooNE,prev,0,absw,0.2806233854102595,0.2806233854102595,0.2495809327347774,0.2495809327347774
41150,MiniBooNE,prev,1,absw,0.2806233854102595,0.2806233854102595,0.2506714625656642,0.2506653608495593
41150,MiniBooNE,prev,2,absw,0.2806233854102595,0.2806233854102595,0.2511818836151752,0.2512868822314292
41150,MiniBooNE,prev,3,absw,0.2806233854102595,0.2806233854102595,0.2511444804172093,0.2511444804172093
41150,MiniBooNE,prev,4,absw,0.2806233854102595,0.2806233854102595,0.2492363843568412,0.2492363843568412
41150,MiniBooNE,prev,0,fixed025,0.2806233854102595,0.2806233854102595,0.2495809327347774,0.2495028024852641
41150,MiniBooNE,prev,1,fixed025,0.2806233854102595,0.2806233854102595,0.2506714625656642,0.2507060643630899
41150,MiniBooNE,prev,2,fixed025,0.2806233854102595,0.2806233854102595,0.2511818836151752,0.2511165279452041
41150,MiniBooNE,prev,3,fixed025,0.2806233854102595,0.2806233854102595,0.2511444804172093,0.2510709641655095
41150,MiniBooNE,prev,4,fixed025,0.2806233854102595,0.2806233854102595,0.2492363843568412,0.2492363843568412
41150,MiniBooNE,prev,0,true,0.2806233854102595,0.2806233854102595,0.2495809327347774,0.2495809327347774
41150,MiniBooNE,prev,1,true,0.2806233854102595,0.2806233854102595,0.2506714625656642,0.2506714625656642
41150,MiniBooNE,prev,2,true,0.2806233854102595,0.2806233854102595,0.2511818836151752,0.2511818836151752
41150,MiniBooNE,prev,3,true,0.2806233854102595,0.2806233854102595,0.2511444804172093,0.2511444804172093
41150,MiniBooNE,prev,4,true,0.2806233854102595,0.2806233854102595,0.2492363843568412,0.2492363843568412
41434,Click_prediction_small,inverse,0,absw,0.1684189446280164,0.8315810553719836,0.0005012484511111,0.0008736679455243
41434,Click_prediction_small,inverse,1,absw,0.1684189446280164,0.8315810553719836,2.2192166667820167e-05,0.0009080641601761
41434,Click_prediction_small,inverse,2,absw,0.1684189446280164,0.8315810553719836,-0.0004812426201393,-0.0001312907605457
41434,Click_prediction_small,inverse,3,absw,0.1684189446280164,0.8315810553719836,8.637816479070126e-05,0.0006767530025468
41434,Click_prediction_small,inverse,4,absw,0.1684189446280164,0.8315810553719836,0.0006617854945325,0.0007769228558269
41434,Click_prediction_small,inverse,0,fixed025,0.1684189446280164,0.8315810553719836,0.0005012484511111,-0.0006335515038234
41434,Click_prediction_small,inverse,1,fixed025,0.1684189446280164,0.8315810553719836,2.2192166667820167e-05,0.0008533135222846
41434,Click_prediction_small,inverse,2,fixed025,0.1684189446280164,0.8315810553719836,-0.0004812426201393,-0.0005618201064721
41434,Click_prediction_small,inverse,3,fixed025,0.1684189446280164,0.8315810553719836,8.637816479070126e-05,-3.015702826736349e-05
41434,Click_prediction_small,inverse,4,fixed025,0.1684189446280164,0.8315810553719836,0.0006617854945325,0.0005521462954297
41434,Click_prediction_small,inverse,0,true,0.1684189446280164,0.8315810553719836,0.0005012484511111,-0.0005159531504033
41434,Click_prediction_small,inverse,1,true,0.1684189446280164,0.8315810553719836,2.2192166667820167e-05,0.0001707979655139
41434,Click_prediction_small,inverse,2,true,0.1684189446280164,0.8315810553719836,-0.0004812426201393,-0.0004812426201393
41434,Click_prediction_small,inverse,3,true,0.1684189446280164,0.8315810553719836,8.637816479070126e-05,-0.0001441196970862
41434,Click_prediction_small,inverse,4,true,0.1684189446280164,0.8315810553719836,0.0006617854945325,0.0001214356307086
41434,Click_prediction_small,prev,0,absw,0.1684189446280164,0.1684189446280164,0.0430196917104693,0.0432648654646286
41434,Click_prediction_small,prev,1,absw,0.1684189446280164,0.1684189446280164,0.0452047439817592,0.0450807668420765
41434,Click_prediction_small,prev,2,absw,0.1684189446280164,0.1684189446280164,0.0453415136175087,0.0453333468472915
41434,Click_prediction_small,prev,3,absw,0.1684189446280164,0.1684189446280164,0.0478356017962609,0.0478088785302631
41434,Click_prediction_small,prev,4,absw,0.1684189446280164,0.1684189446280164,0.0427850356164975,0.0429326383723521
41434,Click_prediction_small,prev,0,fixed025,0.1684189446280164,0.1684189446280164,0.0430196917104693,0.0428877806858121
41434,Click_prediction_small,prev,1,fixed025,0.1684189446280164,0.1684189446280164,0.0452047439817592,0.0448944195368314
41434,Click_prediction_small,prev,2,fixed025,0.1684189446280164,0.1684189446280164,0.0453415136175087,0.0455918302726385
41434,Click_prediction_small,prev,3,fixed025,0.1684189446280164,0.1684189446280164,0.0478356017962609,0.0478356017962609
41434,Click_prediction_small,prev,4,fixed025,0.1684189446280164,0.1684189446280164,0.0427850356164975,0.0431256074808941
41434,Click_prediction_small,prev,0,true,0.1684189446280164,0.1684189446280164,0.0430196917104693,0.0426762054900901
41434,Click_prediction_small,prev,1,true,0.1684189446280164,0.1684189446280164,0.0452047439817592,0.0446405767589429
41434,Click_prediction_small,prev,2,true,0.1684189446280164,0.1684189446280164,0.0453415136175087,0.0456176637855843
41434,Click_prediction_small,prev,3,true,0.1684189446280164,0.1684189446280164,0.0478356017962609,0.0478356017962609
41434,Click_prediction_small,prev,4,true,0.1684189446280164,0.1684189446280164,0.0427850356164975,0.0432256106475513
45035,albert,prev,0,absw,0.5,0.5,0.1613972770980691,0.1611353486613578
45035,albert,prev,1,absw,0.5,0.5,0.1597955979692447,0.1597704575958147
45035,albert,prev,2,absw,0.5,0.5,0.1615051983919222,0.1613787732787253
45035,albert,prev,3,absw,0.5,0.5,0.163224965136387,0.1630156799482336
45035,albert,prev,4,absw,0.5,0.5,0.163840025939459,0.1638890019383471
45035,albert,prev,0,fixed025,0.5,0.5,0.1613972770980691,0.1611550212669512
45035,albert,prev,1,fixed025,0.5,0.5,0.1597955979692447,0.1589987451579192
45035,albert,prev,2,fixed025,0.5,0.5,0.1615051983919222,0.1608144278943092
45035,albert,prev,3,fixed025,0.5,0.5,0.163224965136387,0.1625708216711213
45035,albert,prev,4,fixed025,0.5,0.5,0.163840025939459,0.1631204872255046
45035,albert,prev,0,true,0.5,0.5,0.1613972770980691,0.1613972770980691
45035,albert,prev,1,true,0.5,0.5,0.1597955979692447,0.1597955979692447
45035,albert,prev,2,true,0.5,0.5,0.1615051983919222,0.1594665849932218
45035,albert,prev,3,true,0.5,0.5,0.163224965136387,0.1627775549846063
45035,albert,prev,4,true,0.5,0.5,0.163840025939459,0.1641418115344121
45072,airlines,prev,0,absw,0.4454422923970537,0.4454422923970537,0.1410810261883995,0.1411076320218246
45072,airlines,prev,1,absw,0.4454422923970537,0.4454422923970537,0.1402092306469619,0.1402528177245673
45072,airlines,prev,2,absw,0.4454422923970537,0.4454422923970537,0.1394762596353387,0.1395371270518227
45072,airlines,prev,3,absw,0.4454422923970537,0.4454422923970537,0.1392068911894514,0.1392062717244112
45072,airlines,prev,4,absw,0.4454422923970537,0.4454422923970537,0.140317284726785,0.1403137062515035
45072,airlines,prev,0,fixed025,0.4454422923970537,0.4454422923970537,0.1410810261883995,0.1410810261883995
45072,airlines,prev,1,fixed025,0.4454422923970537,0.4454422923970537,0.1402092306469619,0.1402348201982716
45072,airlines,prev,2,fixed025,0.4454422923970537,0.4454422923970537,0.1394762596353387,0.1395461407490673
45072,airlines,prev,3,fixed025,0.4454422923970537,0.4454422923970537,0.1392068911894514,0.1392068911894514
45072,airlines,prev,4,fixed025,0.4454422923970537,0.4454422923970537,0.140317284726785,0.140317284726785
45072,airlines,prev,0,true,0.4454422923970537,0.4454422923970537,0.1410810261883995,0.1409458800342728
45072,airlines,prev,1,true,0.4454422923970537,0.4454422923970537,0.1402092306469619,0.1402161547674223
45072,airlines,prev,2,true,0.4454422923970537,0.4454422923970537,0.1394762596353387,0.1394762596353387
45072,airlines,prev,3,true,0.4454422923970537,0.4454422923970537,0.1392068911894514,0.1392068911894514
45072,airlines,prev,4,true,0.4454422923970537,0.4454422923970537,0.140317284726785,0.140317284726785
